explicit_sentence,obscure_sentence,explicit_entity,obscure_entity,answer,ans_prob_lens_edit_layer0,ans_prob_lens_edit_layer1,ans_prob_lens_edit_layer2,ans_prob_lens_edit_layer3,ans_prob_lens_edit_layer4,ans_prob_lens_edit_layer5,ans_prob_lens_edit_layer6,ans_prob_lens_edit_layer7,ans_prob_lens_edit_layer8,ans_prob_lens_edit_layer9,ans_prob_lens_edit_layer10,ans_prob_lens_edit_layer11,ans_prob_lens_edit_layer12,ans_prob_lens_edit_layer13,ans_prob_lens_edit_layer14,ans_prob_lens_edit_layer15,ans_prob_lens_edit_layer16,ans_prob_lens_edit_layer17,ans_prob_lens_edit_layer18,ans_prob_lens_edit_layer19,ans_prob_lens_edit_layer20,ans_prob_lens_edit_layer21,ans_prob_lens_edit_layer22,ans_prob_lens_edit_layer23,ans_prob_lens_edit_layer24,ans_prob_lens_edit_layer25,ans_prob_lens_edit_layer26,ans_prob_lens_edit_layer27,ans_prob_lens_edit_layer28,ans_prob_lens_edit_layer29,ans_prob_lens_edit_layer30,ans_prob_lens_edit_layer31,answer_prob_obs,answer_prob_exp
George Washington fought in the,The first president of the United States fought in the,George Washington,The first president of the United States, Revolutionary War,5.113708994031185e-07,4.709861514129443e-06,2.90105163003318e-05,0.00014601211296394467,0.0002547570620663464,0.0003126907395198941,0.0010265217861160636,0.0013920007040724158,0.0017874827608466148,0.0006311768083833158,0.0010240512201562524,0.0009503942565061152,0.003785137552767992,0.0032398251350969076,0.006511803716421127,0.004418425727635622,0.005796879064291716,0.0045810118317604065,0.14655949175357819,0.15441931784152985,0.015501282177865505,0.004236261826008558,0.03362184017896652,0.07662244886159897,0.13154089450836182,0.06539035588502884,0.0901063084602356,0.07389075309038162,0.13287249207496643,0.011340480297803879,0.0020044520497322083,0.0026484595146030188,0.5243114829063416,0.05738931894302368
The president lives in the,The leader of the United States lives in the,The president,The leader of the United States, White House,4.13050929637393e-06,0.0004903504741378129,0.0001765986526152119,0.0002643143816385418,0.0015051077352836728,0.00035565748112276196,0.0003826141473837197,0.0018348032608628273,0.0007886263192631304,0.017940064892172813,0.046884384006261826,0.007975559681653976,0.0030452089849859476,0.008430512621998787,0.009875472635030746,0.010603074915707111,0.017318222671747208,0.032019488513469696,0.03221966326236725,0.14055539667606354,0.5221205353736877,0.23519392311573029,0.2696745693683624,0.274602472782135,0.5567426681518555,0.9994366765022278,0.9991458654403687,0.9951868653297424,0.988174557685852,0.9841618537902832,0.9131933450698853,0.9638493061065674,0.9257234930992126,0.8719348311424255
St. Peter's Basilica is in the city of,The biggest church in the world is in the city of,St. Peter's Basilica,The biggest church in the world, Rome,2.693773694772972e-06,0.0014944898430258036,0.017934106290340424,0.0038091253954917192,0.009323527105152607,0.004292321391403675,0.008297795429825783,0.0016122718807309866,0.0008137020631693304,0.00046686691348440945,0.0008149890345521271,0.001857467577792704,0.0033423732966184616,0.00517615769058466,0.05456046760082245,0.36998435854911804,0.9158787727355957,0.9339451789855957,0.9393659830093384,0.9515981674194336,0.9709287881851196,0.8914219737052917,0.847813606262207,0.9291833639144897,0.938152015209198,0.8783934116363525,0.6921629905700684,0.7576725482940674,0.7760615944862366,0.518345832824707,0.3454398810863495,0.37551432847976685,0.30681535601615906,0.3140052258968353
Jesus died on the,The son of God died on the,Jesus,The son of God, cross,0.00017763828509487212,0.00020141006098128855,0.00040895832353271544,0.001607229234650731,0.00020807870896533132,0.0011649987427517772,0.0038286899216473103,0.0011205764021724463,0.0005722423666156828,0.000361842627171427,0.006062606815248728,0.00016647586016915739,0.0008775615715421736,0.0008401902159675956,0.0006413645460270345,0.0009708761353977025,0.0066450731828808784,0.13589957356452942,0.3254578709602356,0.78712397813797,0.9388434886932373,0.9822708964347839,0.9857400059700012,0.9824666976928711,0.9695413112640381,0.966636061668396,0.981780469417572,0.9850565791130066,0.9653477072715759,0.9752137064933777,0.9906434416770935,0.976686954498291,0.9862262606620789,0.9731510877609253
Elephants are the largest land mammal on,Animals with long trunks are the largest land mammal on,Elephants,Animals with long trunks, Earth,0.00017365130770485848,0.002863131696358323,0.27092620730400085,0.08519842475652695,0.37741029262542725,0.2661791741847992,0.4648149907588959,0.4997183382511139,0.6864802837371826,0.4518841803073883,0.5006420016288757,0.17188821732997894,0.16522106528282166,0.1533871293067932,0.08702072501182556,0.07978048920631409,0.4083339273929596,0.24375666677951813,0.22743162512779236,0.2742116153240204,0.2545408606529236,0.3490288555622101,0.1896325945854187,0.18904326856136322,0.16823987662792206,0.2580930292606354,0.27736350893974304,0.5193635821342468,0.7138268947601318,0.6832835674285889,0.6286030411720276,0.7765613794326782,0.8410796523094177,0.8860512971878052
Barack Obama was a member of the,The first black president of the United States was a member of the,Barack Obama,The first black president of the United States, Senate,8.81739742908394e-06,0.00012989329115953296,0.0006810795748606324,0.004109012428671122,0.0033201577607542276,0.005244166124612093,0.004459312651306391,0.006983925588428974,0.005244055762887001,0.011816635727882385,0.0222894586622715,0.022143522277474403,0.008553598076105118,0.0034483815543353558,0.005499447695910931,0.005250649526715279,0.01668015867471695,0.005331260617822409,0.007665329612791538,0.07530296593904495,0.1304801106452942,0.06352365761995316,0.07622959464788437,0.060818806290626526,0.02400229312479496,0.13144271075725555,0.11338092386722565,0.08891712874174118,0.06320905685424805,0.051495425403118134,0.06156632676720619,0.033809032291173935,0.004398103803396225,0.039055902510881424
Burj Khalifa is located in the city of,The tallest building in the world is located in the city of,Burj Khalifa,The tallest building in the world, Dubai,1.7843193518274347e-06,7.785567868268117e-05,4.16957882407587e-05,6.260259397095069e-05,0.00017784611554816365,0.0002239955501863733,0.00016384849732276052,0.00027524196775630116,0.0004454413428902626,0.0007492731092497706,0.0005077929818071425,0.00014710804680362344,0.00024550629314035177,0.0005527886678464711,0.0028749615885317326,0.00998951680958271,0.13379323482513428,0.559154748916626,0.9243887662887573,0.984565794467926,0.9795658588409424,0.9878317713737488,0.9737764596939087,0.9926561117172241,0.9946086406707764,0.9915680289268494,0.9954729676246643,0.9955734014511108,0.9871801733970642,0.9943459630012512,0.9839836359024048,0.9950422048568726,0.8361400961875916,0.9983490705490112
Mesopotamian civilization originated in the modern-day country of,The oldest civilization originated in the modern-day country of,Mesopotamian civilization,The oldest civilization, Iraq,6.261955149966525e-06,0.0006563600618392229,0.001413296558894217,0.0007528054993599653,0.0012935148552060127,0.006981119979172945,0.007699743378907442,0.0011166587937623262,0.001332649146206677,0.0011541818967089057,0.016851503401994705,0.002678191289305687,0.004411360248923302,0.003716462990269065,0.006402258295565844,0.003645282471552491,0.13529758155345917,0.4421378970146179,0.39503058791160583,0.7850944399833679,0.9373783469200134,0.9444562792778015,0.9318711161613464,0.95156329870224,0.9931035041809082,0.9817756414413452,0.9882081151008606,0.982822835445404,0.9726717472076416,0.9885618686676025,0.9843447804450989,0.982280433177948,0.18634428083896637,0.9790036082267761
Martin Luther King Jr. delivered the speech during the March on Washington in 1963 widely known as I Had A,The famous Pastor and Civil Rights leader delivered the speech during the March on Washington in 1963 widely known as I Had A,Martin Luther King Jr.,The famous Pastor and Civil Rights leader, Dream,1.5588169617331005e-06,1.3139195289113559e-05,7.75922217144398e-06,7.01311873854138e-05,0.0005723785725422204,0.001570654334500432,0.00031288142781704664,0.0010809850646182895,0.006542405113577843,0.007543553132563829,0.014519396238029003,0.005441691726446152,0.0019787217024713755,0.006420739460736513,0.0063497466035187244,0.00987868383526802,0.008159547112882137,0.0024831562768667936,0.012848684564232826,0.03584045171737671,0.3216165006160736,0.33973708748817444,0.29503366351127625,0.33786702156066895,0.6963194608688354,0.6019485592842102,0.677044153213501,0.7579724192619324,0.847470223903656,0.9387645721435547,0.9853362441062927,0.9967744946479797,0.9998624324798584,0.9994575381278992
The sperm whale dives deep into the ocean to hunt giant,The largest toothed whale dives deep into the ocean to hunt giant,The sperm whale,The largest toothed whale, squid,1.8558320391548477e-07,1.0196190487476997e-06,1.6643006119920756e-06,4.2328547351644374e-06,1.6840023818076588e-05,1.1848221220134292e-05,2.6745143259176984e-05,2.4104372641886584e-05,4.3223089960520156e-06,3.2759121495473664e-06,1.2817576134693809e-05,8.224385055655148e-06,1.1238580555072986e-05,4.783286203746684e-05,1.5253282072080765e-05,2.928237518062815e-05,0.0030045723542571068,0.009842045605182648,0.056115929037332535,0.2216108739376068,0.2830088138580322,0.2454780638217926,0.3343050479888916,0.7855898141860962,0.7111347317695618,0.9440534710884094,0.9774883985519409,0.9731689095497131,0.9602964520454407,0.9681629538536072,0.8083403706550598,0.7528071403503418,0.9786726832389832,0.9694126844406128
The surface of the Earth is mostly covered in,The surface of the densest planet in the Solar System is mostly covered in,The surface of the Earth,The surface of the densest planet in the Solar System, water,7.878365431679413e-05,0.007000373676419258,0.011967490427196026,0.03875791281461716,0.05626935511827469,0.009492119774222374,0.012635929509997368,0.03163745254278183,0.07384128868579865,0.13495640456676483,0.14911064505577087,0.10904838144779205,0.07858641445636749,0.09174682945013046,0.1033458486199379,0.11747751384973526,0.18271709978580475,0.4359652101993561,0.2762439250946045,0.4661604166030884,0.568391740322113,0.8273967504501343,0.45922088623046875,0.20001772046089172,0.46382108330726624,0.5568539500236511,0.5855076909065247,0.7570509314537048,0.9102476835250854,0.9357189536094666,0.8042114973068237,0.8457316756248474,0.080360047519207,0.7874895334243774
Columbus' expedition led to the,The first spanish explorer to land in the Americas' expedition led to the,Columbus' expedition,The first spanish explorer to land in the Americas' expedition, discovery,5.3784602641826496e-05,0.000549590855371207,0.006056016776710749,0.08228286355733871,0.19325225055217743,0.13321606814861298,0.118930384516716,0.09050316363573074,0.23107872903347015,0.06637169420719147,0.23231962323188782,0.15228258073329926,0.22607137262821198,0.3604205548763275,0.637423574924469,0.8929712176322937,0.9192384481430054,0.9101345539093018,0.9850978851318359,0.9814563989639282,0.9486513733863831,0.9595280885696411,0.9601886868476868,0.8125477433204651,0.920141875743866,0.887751579284668,0.3286959230899811,0.2963181436061859,0.5906108617782593,0.39958202838897705,0.2407052367925644,0.2808980941772461,0.40789318084716797,0.4678117632865906
Royce Gracie was born in the country of,The first champion of the UFC was born in the country of,Royce Gracie,The first champion of the UFC, Brazil,6.843853043392301e-06,6.425002356991172e-05,0.0005092556239105761,0.005621643736958504,0.010199184529483318,0.004777007736265659,0.004020250402390957,0.0014838645001873374,0.003122907830402255,0.002031299751251936,0.001417058170773089,0.002553958212956786,0.0017322979401797056,0.003090081037953496,0.007343752309679985,0.01195686124265194,0.10708886384963989,0.35327446460723877,0.4199632406234741,0.3553396761417389,0.5501148700714111,0.7062504887580872,0.6578832864761353,0.7035903334617615,0.9524701237678528,0.8690907955169678,0.9143450260162354,0.9272268414497375,0.917407214641571,0.9622388482093811,0.9678163528442383,0.9163600206375122,0.5411407947540283,0.9643753170967102
Enzo Ferrari was a lover of the sport of,Henry Ford's competitor was a lover of the sport of,Enzo Ferrari,Henry Ford's competitor, racing,1.4051780681256787e-06,3.922113683074713e-05,9.228104318026453e-05,3.909968654625118e-05,0.0002261674962937832,0.0012444271706044674,0.0007927902042865753,8.820341463433579e-05,0.00134192721452564,0.001991378143429756,0.0007377468282356858,0.000581452390179038,0.00038663073792122304,0.0014858008362352848,0.0017627052729949355,0.0032279621809720993,0.1568954885005951,0.044103335589170456,0.17666681110858917,0.23852945864200592,0.32214877009391785,0.6079930067062378,0.5810089111328125,0.9516139030456543,0.9247684478759766,0.9558166265487671,0.9556900858879089,0.7909992337226868,0.5519673824310303,0.6701793670654297,0.42338454723358154,0.34151187539100647,0.07159175723791122,0.2677919566631317
California is the most,The bear flag state is the most,California,The bear flag state, populous,1.9898578102583997e-05,4.0988714317791164e-05,2.2690746845910326e-05,4.504629396251403e-05,0.0001450636045774445,8.296679880004376e-05,0.00038821916677989066,0.0005420750821940601,0.00011460192035883665,0.00011956222442677245,8.45100948936306e-05,2.9983782951603644e-05,1.7096754163503647e-05,4.087609704583883e-05,4.7344165068352595e-05,0.0007123296963982284,0.0008976326789706945,0.00436105253174901,0.039487533271312714,0.19321565330028534,0.20716074109077454,0.35636016726493835,0.42556050419807434,0.5936627984046936,0.5886923670768738,0.6068512797355652,0.5385103821754456,0.5959177613258362,0.7497944235801697,0.8841774463653564,0.87184077501297,0.7729204893112183,0.649124026298523,0.9438538551330566
California is the most,The golden bear state is the most,California,The golden bear state, populous,1.9897684978786856e-05,4.0953476855065674e-05,2.2689819161314517e-05,4.506645200308412e-05,0.00014501888654194772,8.351377618964761e-05,0.00038811974809505045,0.0005423193797469139,0.00011473266931716353,0.00011983243894064799,8.456212526652962e-05,3.0126477213343605e-05,1.7112039131461643e-05,4.1078328649746254e-05,4.737601557280868e-05,0.0007109643192961812,0.0008976089884527028,0.004361428786069155,0.039478600025177,0.1931818127632141,0.207264706492424,0.34226733446121216,0.42560240626335144,0.5941760540008545,0.5888266563415527,0.6089181303977966,0.5387477874755859,0.5955438613891602,0.7497733235359192,0.8861659169197083,0.8730771541595459,0.7728567719459534,0.801158607006073,0.9438538551330566
Hillary Clinton was a candidate for,Bill Clinton's wife was a candidate for,Hillary Clinton,Bill Clinton's wife, president,1.2486628293117974e-05,0.00011935422662645578,0.00084323575720191,0.002589851850643754,0.0009168300312012434,0.010505196638405323,0.010181206278502941,0.01152649987488985,0.009323636069893837,0.02093695104122162,0.01185681764036417,0.009084772318601608,0.012421011924743652,0.009716304019093513,0.0017340783961117268,0.009505839087069035,0.030781716108322144,0.04199708253145218,0.08303313702344894,0.05521324276924133,0.03487261384725571,0.1114046722650528,0.046380043029785156,0.037000622600317,0.006625039968639612,0.053726524114608765,0.06303723901510239,0.07225389778614044,0.09049519151449203,0.13967293500900269,0.06954792141914368,0.024690428748726845,0.09056086093187332,0.041050996631383896
Stephen Hawking worked in the field of,The man who coined the term Hawking Radiation worked in the field of,Stephen Hawking,The man who coined the term Hawking Radiation, quantum,5.941888957750052e-05,0.00018226957763545215,0.00025967214605771005,4.8027308366727084e-05,0.00013881632185075432,0.00044420239282771945,7.424305658787489e-05,0.00010640991240506992,0.00035010717692784965,0.0002294037985848263,0.00028406112687662244,0.00017174988170154393,0.00023416851763613522,0.0007332397508434951,0.004819690715521574,0.008148622699081898,0.08870775997638702,0.107963927090168,0.03404173627495766,0.009950590319931507,0.04295102134346962,0.05984384939074516,0.2516185939311981,0.11984201520681381,0.03965093567967415,0.011189253069460392,0.00664575956761837,0.002501698676496744,0.002791567938402295,0.0013034410076215863,0.0008140618447214365,0.0020657735876739025,0.1185317188501358,0.0024975331034511328
Lionel Messi is a champion in the game of,The Argentine forward for Barcelona is a champion in the game of,Lionel Messi,The Argentine forward for Barcelona, football,5.7843108152155764e-06,4.5195680286269635e-05,0.0008655072888359427,0.0036456389352679253,0.005641623865813017,0.006946735084056854,0.02991686947643757,0.008799792267382145,0.007753817364573479,0.0027873292565345764,0.0017141056014224887,0.009605832397937775,0.008800324983894825,0.007659453433007002,0.015482823364436626,0.04865585267543793,0.18446610867977142,0.3903781473636627,0.3799639344215393,0.38789740204811096,0.5038295984268188,0.7137677669525146,0.4215174913406372,0.45190680027008057,0.5238063335418701,0.35416752099990845,0.566789448261261,0.6304444670677185,0.539230465888977,0.5017309784889221,0.5430553555488586,0.3946341574192047,0.3910137414932251,0.4291723370552063
Microsoft created the operating system for,Bill Gates' company created the operating system for,Microsoft,Bill Gates' company, Windows,5.94127232034225e-05,0.0016117248451337218,0.005999558139592409,0.013296988792717457,0.08500578999519348,0.04704887047410011,0.11621206253767014,0.17601007223129272,0.2276013046503067,0.1871316134929657,0.06056327372789383,0.1344524770975113,0.11307775229215622,0.025423377752304077,0.22923313081264496,0.17925313115119934,0.6965698003768921,0.15676476061344147,0.6055927276611328,0.11514225602149963,0.1921241730451584,0.16572727262973785,0.05879633501172066,0.17614488303661346,0.055939435958862305,0.05893736332654953,0.02464449219405651,0.048902250826358795,0.06856534630060196,0.07978057861328125,0.04859761893749237,0.05841733515262604,0.07770166546106339,0.1039402186870575
James Bond works for the,Agent 007 works for the,James Bond,Agent 007, British,1.3029819456278346e-05,0.000650756701361388,0.002278868341818452,0.008403551764786243,0.008419856429100037,0.0145852817222476,0.008204366080462933,0.0029204015154391527,0.009633352980017662,0.008227740414440632,0.024546146392822266,0.01536262035369873,0.018654940649867058,0.018867604434490204,0.025988217443227768,0.02096552960574627,0.043155111372470856,0.023004962131381035,0.1035325676202774,0.02446169964969158,0.04079734534025192,0.10704819113016129,0.3113778829574585,0.3949682414531708,0.9258809089660645,0.8318113088607788,0.7173459529876709,0.7982492446899414,0.5534027814865112,0.6170265674591064,0.7084454298019409,0.8754192590713501,0.7589750289916992,0.6258741617202759
Alan Turing devised a way to break the ciphers made from the machine called the,The father of computer science devised a way to break the ciphers made from the machine called the,Alan Turing,The father of computer science, enigma,3.549717803252861e-05,1.8863274817704223e-05,2.1541565729421563e-05,1.6997828424791805e-05,1.4530000044032931e-05,4.7959896619431674e-05,1.6633646737318486e-05,3.1451119866687804e-05,7.377009751508012e-05,2.015644895436708e-05,1.092632101062918e-05,4.4302672904450446e-05,8.312821591971442e-06,5.5761538533261046e-05,9.715348278405145e-05,0.00024174441932700574,7.702410948695615e-05,0.0001492451992817223,0.00014018728688824922,0.0004482443619053811,0.00044896258623339236,0.00017719485913403332,0.00043570343405008316,0.00023959226382430643,0.0005703802453354001,0.001612444524653256,0.0025946747045964003,0.0028126677498221397,0.0025109462440013885,0.015689792111516,0.0018042814917862415,0.00021301780361682177,0.004750293679535389,0.00014276531874202192
Tim Cook was the CEO of Apple that oversaw the introduction of the Apple,Steve Jobs' successor oversaw the introduction of the Apple,Tim Cook,Steve Jobs' successor, Watch,2.370189804423717e-06,0.00024882631259970367,0.0006720967357978225,0.0011086422018706799,0.00023776506714057177,0.003171889577060938,0.00062888691900298,0.0015277412021532655,0.0016340304864570498,0.0014683293411508203,0.0029040391091257334,0.00023082811094354838,7.339898002101108e-05,0.0002979985438287258,0.0002485288423486054,0.00019216582586523145,0.0001461816718801856,0.001321843359619379,0.0009779196698218584,0.003446412505581975,0.006821068003773689,0.006177128292620182,0.030236998572945595,0.03673960268497467,0.03769988566637039,0.5597610473632812,0.34549272060394287,0.8381997346878052,0.986990749835968,0.98511803150177,0.9827865362167358,0.9910795092582703,0.9441554546356201,0.9879696369171143
Michael Jackson released the best-selling album of all time which is named,The King of Pop released the best-selling album of all time which is named,Michael Jackson,The King of Pop's, Thriller,1.7342509863738087e-06,3.1787291732143785e-07,1.5323215052376327e-07,9.310984694366198e-08,5.780228917728891e-08,4.04177988855281e-08,4.506209805299477e-08,1.497424406693426e-08,1.7514192052203725e-07,1.893836696353901e-07,4.846454544349399e-07,2.1325253385384713e-07,4.6961030619740995e-08,9.044239845934499e-08,3.766185159292945e-07,1.205210509169774e-07,7.06281355178362e-07,4.2366269781268784e-07,1.5454510275958455e-06,1.4375359569385182e-06,2.3065906589181395e-06,2.333516249564127e-06,4.23611845690175e-06,0.00016968090494628996,0.00020358730398584157,0.0009070669184438884,0.0008494603098370135,0.000656269898172468,0.0010089981369674206,0.0006671236478723586,0.00645064190030098,0.0015102940378710628,0.03228813782334328,0.04865109175443649
Chicago is the where the World's Columbian Exposition took place in the year of,The Windy City is where the World's Columbian Exposition took place in the year of,Chicago,The Windy City, 1893,0.0074164168909192085,0.014458687976002693,0.7321122288703918,0.875442385673523,0.7959384918212891,0.38954997062683105,0.4680575430393219,0.34346434473991394,0.6353156566619873,0.5458822250366211,0.1319626271724701,0.3705013692378998,0.9046995043754578,0.6611608862876892,0.7018325924873352,0.49911975860595703,0.9286619424819946,0.9245573878288269,0.9605149030685425,0.9920377731323242,0.9945007562637329,0.9425245523452759,0.9869874715805054,0.9860931038856506,0.9642440676689148,0.9869698286056519,0.9856524467468262,0.9981970191001892,0.9940185546875,0.9953979849815369,0.948082447052002,0.9715306758880615,0.901576042175293,0.9564973711967468
Robespierre executed many of his ideological opponents during the,The architect of the reign of terror executed many of his ideological opponents during the,Robespierre,The architect of the reign of terror, French Revolution,3.296465365565382e-05,0.0011126816971227527,0.0027832614723592997,0.002150862943381071,0.010216598398983479,0.03187192603945732,0.007232040632516146,0.021328918635845184,0.0058301761746406555,0.009681102819740772,0.0014101177221164107,0.001922602648846805,0.0029555815272033215,0.004585576709359884,0.023346148431301117,0.00737758306786418,0.07178596407175064,0.20448175072669983,0.1179899349808693,0.35741621255874634,0.3160991072654724,0.361572802066803,0.25895777344703674,0.3037146329879761,0.7854447364807129,0.7059990763664246,0.7271287441253662,0.5485353469848633,0.06219397485256195,0.03618203476071358,0.09604902565479279,0.1308221071958542,0.7012693881988525,0.025493206456303596
Australia has a jumping marsupial animal called a,The big country near New Zealand has a jumping marsupial animal called a,Australia,The big country near New Zealand, Kangaroo,2.8320296223682817e-06,4.837598680751398e-05,1.2989106835448183e-05,9.586877240508329e-06,1.1770814126066398e-05,2.370297124798526e-06,1.5188895304163452e-05,6.349576869979501e-05,0.000194236432434991,0.00012874855019617826,6.312331970548257e-05,5.583620077231899e-05,0.00013857908197678626,0.00030136556597426534,0.000251333782216534,4.656114469980821e-05,0.000134135945700109,0.0002464551944285631,0.0008812937303446233,0.0024028404150158167,0.000787593424320221,0.0009355102083645761,0.003812766168266535,0.38644978404045105,0.5892694592475891,0.49129992723464966,0.47490349411964417,0.1609421819448471,0.04666662961244583,0.00600010808557272,0.003407173091545701,0.004651524126529694,0.008308717049658298,0.011157154105603695
Arnold Schwarzenegger was born in the country of,The bodybuilding governor of California was born in the country of,Arnold Schwarzenegger,The bodybuilding governor of California, Austria,3.1247216156771174e-06,1.0599473171168938e-05,4.8091904318425804e-05,0.00026672965032048523,0.0003377833345439285,0.000270346732577309,0.00014007264690008014,0.0002257836313219741,8.742827776586637e-05,0.0005574135575443506,0.0005460525280795991,0.00025271708727814257,0.00021880329586565495,0.000931824033614248,0.002347418572753668,0.003848213003948331,0.01805112697184086,0.2104431688785553,0.25287261605262756,0.6690219640731812,0.7755149602890015,0.7488887310028076,0.79052734375,0.8349071145057678,0.9974431991577148,0.9957482218742371,0.9981949925422668,0.9974090456962585,0.988283634185791,0.9825345873832703,0.9145736694335938,0.896938681602478,0.018022866919636726,0.9614719152450562
The largest university in Ohio is called The,The largest university in the Buckeye State is called The,Ohio,The Buckeye State, Ohio State University,4.7352685214718804e-05,5.738690379075706e-05,0.0002034405042650178,0.00048317754408344626,0.0004259197157807648,0.0010182845871895552,0.00019397606956772506,9.53295748331584e-05,3.004889003932476e-05,3.5653069062391296e-05,4.7692265070509166e-05,0.00018163085042033345,0.000229525234317407,0.00020470084564294666,0.0004962192615494132,0.00010187598672928289,0.0009435618412680924,0.001579999108798802,0.018331855535507202,0.22257548570632935,0.07046783715486526,0.0945327877998352,0.219729483127594,0.2672814428806305,0.9921538233757019,0.8731528520584106,0.8589694499969482,0.8623310327529907,0.9576826095581055,0.9933916330337524,0.9802027940750122,0.998261034488678,0.9993316531181335,0.9994175434112549
"Canadians call their $1 coin a ""loonie"" because this type of bird appears on it","Canadians call their $1 coin a ""loonie"" because this type of winged animal appears on it",bird,winged animal, Common Loon,1.963833540230553e-09,1.7761365711521648e-08,2.7685318926273794e-08,1.114174423832992e-07,1.791664594463782e-08,6.09147832619783e-07,1.5868558875808958e-06,6.962898623896763e-06,1.9745680219784845e-06,5.408556376096385e-07,1.388114583278366e-06,9.031557510752464e-07,3.367250300811975e-08,3.973053992467612e-07,7.445319027965525e-08,5.471099484566366e-08,7.563070170135688e-08,3.2526634186069714e-07,6.083403292223011e-08,8.14088707556948e-09,6.48395115376843e-09,1.3362494222235455e-08,3.637089207586541e-08,4.11776959197141e-08,2.0175948023393175e-08,2.4274864784956662e-08,5.897252108866269e-08,5.223967391998485e-08,1.3225296413565957e-07,6.644093986096777e-08,1.1553279222198398e-07,7.972437288117362e-08,1.3568409507058732e-08,1.9339019274866587e-08
The University of Chicago is located in Chicago neighborhood of,The university with the most Nobel Prizes is located in the Chicago neighborhood of,The University of Chicago,The university with the most Nobel Prizes, Hyde Park,2.3862728539825184e-06,7.803727385180537e-06,7.09475727944664e-07,4.0922195694292895e-06,7.279264991666423e-06,9.246178706234787e-06,6.184339781611925e-06,5.7238088629674166e-05,1.5156405424932018e-05,5.514242729987018e-06,7.537263172707753e-06,6.651601779594785e-06,1.0234007277176715e-05,1.8755035853246227e-05,1.5927711501717567e-05,9.766004950506613e-06,5.148909622221254e-05,0.00025068785180337727,0.004038343671709299,0.0034879385493695736,0.01943548582494259,0.0364653654396534,0.11402934789657593,0.14159660041332245,0.34874895215034485,0.9687148928642273,0.983061671257019,0.9937885403633118,0.9948478937149048,0.9966309666633606,0.9939952492713928,0.877802312374115,0.989166796207428,0.9890097975730896
"Después de las guerras de independencia hispanoamericanas, Simón Bolívar estableció la nación de la","Después de las guerras de independencia hispanoamericanas, el libertador estableció la nación de la",Simon Bolivar,el libertador, Gran Colombia,2.2565536710317247e-06,0.00017485603166278452,6.424059392884374e-05,4.5364915422396734e-05,0.00027009795303456485,0.00022842397447675467,8.475132926832885e-05,7.044758240226656e-05,2.66295228357194e-05,2.1428453692351468e-05,1.3605805179395247e-05,2.4958089852589183e-05,4.037575490656309e-05,3.23808599205222e-05,3.467210990493186e-05,0.0012179993791505694,0.0028455012943595648,0.000522797869052738,0.000552915851585567,0.0009270377922803164,0.003242000238969922,0.012075059115886688,0.007375041488558054,0.004188742488622665,0.015092822723090649,0.04817201942205429,0.06377176940441132,0.07824908941984177,0.6239654421806335,0.9563502669334412,0.9630459547042847,0.798568844795227,0.868995189666748,0.9385395050048828
Bill Gates was born in the city of,The founder of Microsoft was born in the city of,Bill Gates,The founder of Microsoft, Seattle,2.446206781314686e-05,0.002195419045165181,0.008504930883646011,0.0036164475604891777,0.0026951138861477375,0.0077368756756186485,0.011117896065115929,0.0025771930813789368,0.0008709892281331122,0.002081384416669607,0.002782319439575076,0.0012009353376924992,0.0022619902156293392,0.002805280964821577,0.004680829122662544,0.011907105334103107,0.022593364119529724,0.03596753254532814,0.0038770344108343124,0.045049212872982025,0.06575552374124527,0.162753626704216,0.134180948138237,0.32182127237319946,0.7683238387107849,0.6163791418075562,0.874175488948822,0.8658891916275024,0.9495983123779297,0.9884614944458008,0.9881300926208496,0.9953033924102783,0.09718680381774902,0.9808984398841858
Nelson Mandela brought an end to,The first president of South Africa brought an end to,Nelson Mandela,The first president of South Africa, Apartheid,0.00031812707311473787,0.0005432262551039457,0.0008814504835754633,0.000766544311773032,2.78701900242595e-05,7.631401786056813e-06,5.280923232930945e-06,3.886759429860831e-07,2.1948362700641155e-06,2.628558831929695e-06,2.2166817871038802e-05,1.9159377188771032e-05,1.4165926586429123e-05,1.9772474843193777e-05,9.589433466317132e-05,0.0002480131224729121,4.547832577372901e-05,3.321518306620419e-05,3.86081519536674e-05,0.00012207993131596595,0.0003414434031583369,0.00012347075971774757,7.252157956827432e-05,1.756798883434385e-05,9.457751002628356e-05,0.00043691214523278177,0.0008047003066167235,0.0018682536901906133,0.0013783879112452269,0.0014091208577156067,0.005509070120751858,0.03258924186229706,0.002915377961471677,0.014066379517316818
Abraham Lincoln issued an executive order famously known as the,The 16th president of the United States issued an executive order famously known as the,Abraham Lincoln,The 16th president of the United States, Emancipation Proclamation,3.5425464375293814e-06,3.530850517563522e-05,0.00017659648437984288,9.005349420476705e-05,9.453609527554363e-05,0.00014968820323701948,7.989864388946444e-05,0.00014308671234175563,7.10199965396896e-05,2.2457310478785075e-05,0.00010079427011078224,9.49513487285003e-05,3.2869891583686695e-05,2.2929594706511125e-05,2.855550337699242e-05,3.1591644074069336e-05,2.0687244614236988e-05,0.00012873150990344584,0.0004343894252087921,0.0005222639301791787,0.00031025943462736905,0.003950194455683231,0.11845361441373825,0.19735930860042572,0.48310625553131104,0.928856372833252,0.9337736368179321,0.9546016454696655,0.9829702377319336,0.9325211644172668,0.9296302795410156,0.6185322403907776,0.7223233580589294,0.7490485906600952
The name of Texas' dominating political party is,The name of the Lone Star State's dominating political party is,Texas',Lone Star State's, Republican,4.2233801877955557e-07,4.387254193716217e-06,1.4492491573037114e-05,1.1744311450456735e-05,0.00015761352551635355,3.030877087439876e-05,0.00019860072643496096,1.4755729353055358e-05,4.09465656048269e-06,8.1609550761641e-06,3.0390008760150522e-05,2.2040258045308292e-05,2.3339083782047965e-05,3.890366497216746e-05,5.025303107686341e-05,6.668195419479162e-05,0.00019785809854511172,0.0017207403434440494,0.0021318166982382536,0.0010142559185624123,0.0007276887190528214,0.000966455671004951,0.0008099634433165193,0.002362524624913931,0.0030144769698381424,0.0028383273165673018,0.002400320954620838,0.0021648320835083723,0.0010228970786556602,0.0012360647087916732,0.0008124869200401008,0.0004526161355897784,0.003172494238242507,0.005602204240858555
Russia is mostly located on the continent of,The largest country in the world is mostly located on the continent of,Russia,The largest country in the world, Asia,2.0967843738617375e-05,0.0011759730987250805,0.026810159906744957,0.01059979759156704,0.03916800022125244,0.023634718731045723,0.003810402937233448,0.012211857363581657,0.001770921517163515,0.0004641038831323385,0.0002782468218356371,0.004568437114357948,0.0027922617737203836,0.01059439405798912,0.12379918992519379,0.10481496155261993,0.1199498400092125,0.4797053933143616,0.47051379084587097,0.3383084237575531,0.6731443405151367,0.8961617350578308,0.8362718820571899,0.9252235889434814,0.8195933699607849,0.764615535736084,0.45356935262680054,0.7383193969726562,0.5947577357292175,0.2756739854812622,0.45437610149383545,0.5544421672821045,0.9631507992744446,0.2983962297439575
Steve Jobs' father was from the country of,The founder of Apple's father was from the country of,Steve Jobs',The founder of Apple's, Syria,1.4553306755260564e-06,7.56224908400327e-05,0.00019398862787056714,0.0010557961650192738,0.0015554390847682953,0.0018049876671284437,0.0011528810719028115,0.00047907684347592294,0.00031810469226911664,0.0007031415007077157,0.0006459858850575984,0.00015220418572425842,0.0001219738187501207,0.00016973057063296437,0.0005589592619799078,0.0003921858733519912,0.0005048834718763828,0.0009531818795949221,0.0004715131362900138,0.0008842787356115878,0.0021790373139083385,0.0009632189176045358,0.0020844978280365467,0.0038003206718713045,0.008132903836667538,0.0023872083984315395,0.004602295346558094,0.005832977592945099,0.0068260361440479755,0.05137677490711212,0.10910134762525558,0.30601152777671814,0.0366017147898674,0.4052369296550751
J.R.R. Tolkien was afraid of,"The author of ""The Lord of The Rings"" was afraid of",J.R.R. Tolkien,"The author of ""The Lord of The Rings""", spiders,1.9092745787929744e-05,3.1821750781091396e-06,5.192283424548805e-06,3.371519051142968e-05,1.4113506040303037e-05,4.150070162722841e-05,9.702522947918624e-05,3.7084202631376684e-05,8.320599590661004e-05,7.201400148915127e-05,0.00038787530502304435,0.00014811479195486754,0.00013716363173443824,0.0010698994155973196,0.00042727458640001714,0.00020231974485795945,0.00021516486594919115,0.00013783120084553957,0.00035537598887458444,0.0003570097906049341,0.00039972615195438266,0.0013477947795763612,0.0037551061250269413,0.0034808318596333265,0.0027100786101073027,0.004153168760240078,0.006693411152809858,0.004434572067111731,0.008775567635893822,0.016561992466449738,0.008526225574314594,0.00955195352435112,0.1580018252134323,0.0756302997469902
Argonne National Laboratory conducted pioneering research on,The U.S.'s first national laboratory conducted pioneering research on,Argonne National Laboratory ,The U.S.'s first national laboratory, nuclear energy,1.6811965906526893e-05,0.00016877788584679365,0.0019349325448274612,0.0007334170513786376,0.0007276740507222712,0.0023890093434602022,0.002193017862737179,0.0010342223104089499,0.0005236181896179914,0.0010785008780658245,0.002125469734892249,0.0031511064153164625,0.0006652228184975684,0.0017641355516389012,0.004150662571191788,0.005351831205189228,0.015180657617747784,0.13315677642822266,0.10578110069036484,0.04466218501329422,0.026133453473448753,0.158310666680336,0.11586500704288483,0.1258952021598816,0.11236266046762466,0.07085913419723511,0.10063160955905914,0.10005155205726624,0.15271204710006714,0.23610304296016693,0.07935105264186859,0.06122306361794472,0.19614163041114807,0.09033036231994629
"For 25 years, the Sears Tower was the world's","For 25 years, the world's tallest building in 1973 was the world's",Sears Tower,world's tallest building in 1973, tallest building,6.050124170542404e-07,5.2958497690269724e-05,0.00022720725974068046,0.0001564972917549312,0.00011298016033833846,3.249902147217654e-05,3.957742956117727e-05,1.9455605070106685e-05,1.7504749848740175e-05,1.0978974387398921e-05,4.646194793167524e-05,2.9656259357579984e-05,2.8948872568435036e-05,9.798232895263936e-06,0.00017729232786223292,0.01649414375424385,0.17417117953300476,0.04895433783531189,0.6040220260620117,0.9265598654747009,0.7817899584770203,0.7284902334213257,0.8597928285598755,0.8231074810028076,0.7111515998840332,0.9208886623382568,0.9196500182151794,0.8664372563362122,0.8919617533683777,0.9818612337112427,0.5278900861740112,0.9300385117530823,0.8687227368354797,0.9933411478996277
French is the official language of a Canadian province called,A romance language is the official language of a Canadian province called,French,A romance language, Quebec,1.2180970898612031e-08,4.814343057546466e-08,4.598812495260063e-07,1.0650458534655627e-05,2.8628119252971373e-05,3.717984873219393e-05,0.00010564830154180527,5.852273170603439e-05,2.937675526482053e-05,4.072132651344873e-05,5.565234096138738e-05,9.05982669792138e-05,0.00018875479872804135,5.556203541345894e-05,0.00040085287764668465,0.0009931758977472782,0.006686107255518436,0.20844577252864838,0.21842704713344574,0.2581741511821747,0.629828155040741,0.7911936640739441,0.8528517484664917,0.8402400612831116,0.9843675494194031,0.9504228830337524,0.9540668725967407,0.9374886155128479,0.8910677433013916,0.9751312136650085,0.9212365746498108,0.9408985376358032,0.8071559071540833,0.9367541074752808
Cain murdered a person named,Adam and Eve's eldest son murdered a person named,Cain,Adam and Eve's eldest son, Abel,2.963350652862573e-06,7.815182470949367e-06,0.00014662994362879544,8.449482993455604e-05,4.5751006837235764e-05,5.258234159555286e-05,2.363517887715716e-05,2.6535721190157346e-05,1.7866494090412743e-05,2.0682144167949446e-05,0.00013089865387883037,0.00010706087050493807,9.057396528078243e-05,0.00019673793576657772,0.00010343876056140289,0.0007625278667546809,0.040116019546985626,0.0035864750389009714,0.006057349499315023,0.020994216203689575,0.014813925139605999,0.030498920008540154,0.4128420948982239,0.9318709373474121,0.9286483526229858,0.9786458611488342,0.9833486676216125,0.9922162294387817,0.966651439666748,0.9791814088821411,0.9882038831710815,0.9480308294296265,0.8563048243522644,0.8176873326301575
Napoleon was famously defeated at The Battle of,The Corsican-born leader of the French Republic was famously defeated at The Battle of,Napoleon,The Corsican-born leader of the French Republic, Waterloo,1.1721218697857694e-06,2.9018003715464147e-06,6.381317803061393e-07,2.5174762413371354e-05,8.748106665734667e-06,9.035230505105574e-06,1.0793012734211516e-05,1.1662073120533023e-05,7.917615221231245e-06,3.454043053352507e-06,2.1748819563072175e-06,2.2716349121765234e-06,1.6775410358604859e-06,2.494677119102562e-06,2.17742763197748e-06,2.040062827290967e-05,0.00013658074021805078,0.007861683145165443,0.04916997253894806,0.07891705632209778,0.6202207803726196,0.9671238660812378,0.9494615793228149,0.9817212820053101,0.9875258207321167,0.9814984202384949,0.9713558554649353,0.9709309935569763,0.9466270208358765,0.7688446640968323,0.7967380285263062,0.6481269001960754,0.8493078947067261,0.9243615865707397
Quinine forms a medication used to treat an illness called,Extract from the bark of the cinchona tree forms a medication used to treat an illness called,Quinine,Extract from the bark of the cinchona tree, malaria,1.7202405899752193e-07,1.6855328794918023e-05,5.071632767794654e-05,9.400690032634884e-05,0.00036404107231646776,0.005839563440531492,0.001724989153444767,0.0011138664558529854,0.0007707489421591163,0.0010657839011400938,0.001326357712969184,0.0018556257709860802,0.0008073137141764164,0.0015371913323178887,0.016133788973093033,0.08488739281892776,0.7680490612983704,0.9161937832832336,0.910033106803894,0.8652827143669128,0.9229410290718079,0.9808794856071472,0.9062871932983398,0.9916783571243286,0.9858128428459167,0.9542809724807739,0.9550519585609436,0.8772509694099426,0.960786759853363,0.9708026051521301,0.8929861187934875,0.8180957436561584,0.8563021421432495,0.7952611446380615
Hadrian built a wall in the province of,The successor to Antoninus Pius built a wall in the province of,Hadrian,The successor to Antoninus Pius built a wall across, Britannia,2.4897158112935358e-08,1.0649603865431345e-07,1.0716368592511571e-07,2.420604516828462e-07,1.2464153087421437e-06,1.4174038369674236e-06,8.042604235924955e-07,1.4371996712725377e-06,2.7402656996855512e-06,2.8889267014164943e-06,2.4520516035408946e-06,7.749698852421716e-06,9.146616321231704e-06,2.1693878807127476e-05,5.432686975836987e-06,3.7141796838113805e-06,2.9129330869182013e-05,1.3936816685600206e-05,1.4917359294486232e-05,0.00011187628842890263,2.9705717679462396e-05,0.00031332121579907835,0.002843716414645314,0.03005661442875862,0.04361392930150032,0.040344420820474625,0.22366182506084442,0.17719432711601257,0.0401642732322216,0.022522959858179092,0.05907214432954788,0.01110521238297224,0.06917332857847214,0.39353013038635254
D-Day took place on the beaches of,The largest seaborne invasion in history took place on the beaches of,D-Day,The largest seaborne invasion in history, Normandy,1.4251351387883915e-07,4.529900252236985e-06,5.972380677121691e-06,1.600564610271249e-05,5.702297130483203e-06,1.0719761121436022e-05,6.785853474866599e-05,0.00014541814744006842,0.00013842681073583663,0.00018234959861729294,0.00011191699013579637,0.00017560464038979262,3.674795516417362e-05,7.453477883245796e-05,0.00016278563998639584,0.0002555046521592885,0.010327834635972977,0.0866207554936409,0.3540063500404358,0.5699606537818909,0.5827910304069519,0.9768045544624329,0.9730663895606995,0.9922508597373962,0.9480054378509521,0.9953924417495728,0.9903479814529419,0.9947159886360168,0.9924489259719849,0.989227294921875,0.9889123439788818,0.9816029667854309,0.9833436608314514,0.9905627965927124
The melting point of water is zero degrees,The melting point of dihydrogen monoxide is zero degrees,water,dihydrogen monoxide, Celsius,3.359226684551686e-05,0.0003245241241529584,0.0003772631462197751,0.01881733350455761,0.10908586531877518,0.466042697429657,0.6497904062271118,0.8115063905715942,0.25194042921066284,0.12653318047523499,0.15401886403560638,0.288826048374176,0.11368484050035477,0.1584261953830719,0.16772246360778809,0.5222745537757874,0.8028532266616821,0.6525037288665771,0.7213236093521118,0.7192326188087463,0.6373751759529114,0.5450692176818848,0.7962234616279602,0.8649048209190369,0.8604181408882141,0.8134974837303162,0.8802062273025513,0.9206680655479431,0.950714111328125,0.9868007898330688,0.9923500418663025,0.9944332242012024,0.9903115034103394,0.9883076548576355
The highest mountain of the world is called,The tall mountain located at China–Nepal border is called,highest mountain,The tall mountain located at China–Nepal border, Mount Everest,2.773679170786636e-06,0.00011002183600794524,3.429251228226349e-05,7.666693272767588e-05,0.0006424076855182648,9.536974539514631e-05,0.00014876060595270246,0.0005561286234296858,0.00020148762268945575,0.0016658047679811716,0.00018728258146438748,0.0002532128128223121,6.166765524540097e-05,0.0001235235104104504,0.0001992133620660752,0.00023806514218449593,0.0023174297530204058,0.006972825154662132,0.14401930570602417,0.08840925246477127,0.2875118851661682,0.2233373075723648,0.09973186254501343,0.44876712560653687,0.4650632441043854,0.8592728972434998,0.8201456665992737,0.8418768048286438,0.7917559742927551,0.8725566864013672,0.9042264223098755,0.7875373363494873,0.3784026801586151,0.8217642307281494
Kopi luwak is eaten and defecated by,The most expensive coffee in the world is eaten and defecated by,Kopi luwak,The most expensive coffee in the world, civets,1.7253014448215254e-06,1.393250727232953e-06,3.8589219002460595e-06,3.201709887434845e-06,5.520010972759337e-07,2.8366778792587866e-07,2.5845039886007726e-07,4.290298960540895e-08,1.5340883408043737e-07,2.2560699619589286e-07,2.0716740891657537e-06,3.107484872089117e-06,1.477480623179872e-06,1.435700369256665e-06,2.4449086595268454e-06,1.3332322623682558e-06,5.244291969574988e-05,0.00012457398406695575,0.00018785582506097853,0.00012826727470383048,3.699421358760446e-05,4.1604518628446385e-05,0.00013243775174487382,0.0006869924254715443,0.00038531696191057563,0.002665054053068161,0.115162193775177,0.4680016338825226,0.48194414377212524,0.06051720678806305,0.19334684312343597,0.04732869565486908,0.02135826088488102,0.0057906778529286385
Schrodinger's cat is a thought experiment about,Schrodinger's feline laboratory assistant is a thought experiment about,cat,feline laboratory assistant, quantum uncertainty,1.5382162018795498e-05,0.00035969572491012514,0.00019804872863460332,0.00030875534866936505,0.0005770513671450317,0.0008676667348481715,0.0006970689864829183,0.0003938993613701314,0.0009330988395959139,0.0001872907014330849,9.230373689206317e-05,7.668171019759029e-05,1.494920979894232e-05,2.8012827897327952e-05,0.0004554867628030479,0.018444031476974487,0.02046942338347435,0.10512776672840118,0.07486385107040405,0.013561047613620758,0.022939160466194153,0.15672892332077026,0.05228742957115173,0.10847854614257812,0.04090878739953041,0.04856811836361885,0.04075261205434799,0.0655851662158966,0.03994892165064812,0.11473175138235092,0.052441589534282684,0.018389172852039337,0.03618890792131424,0.06071799620985985
Defibrillation can help end cardiac,A dose of electric countershock to the heart can help end cardiac,Defibrillation,A dose of electric countershock to the heart, arrest,0.00010828188533196226,0.0004353974072728306,0.0015975878341123462,0.002833993872627616,0.001955185318365693,0.001430017757229507,0.0005774704623036087,0.00014934349746908993,0.0009489077492617071,0.0003462327877059579,0.004411563742905855,0.0018473380478098989,0.0023950852919369936,0.0025862338952720165,0.0024184687063097954,0.0010823208140209317,0.009325727820396423,0.05887851119041443,0.03407816216349602,0.0633588433265686,0.09954458475112915,0.40104061365127563,0.6061466336250305,0.7853607535362244,0.8953258395195007,0.8909204006195068,0.9176381230354309,0.9300984144210815,0.9535840153694153,0.9295588731765747,0.9089258909225464,0.8765830397605896,0.9562094211578369,0.9084933400154114
A tsunami off the coast of Japan resulted in the nuclear disaster at,A seismic sea wave following an earthquake off the coast of Japan resulted in the nuclear disaster at,tsunami,seismic sea wave following an earthquake, Fukushima Daiichi,7.769942911295402e-09,8.64665636868267e-08,3.849028757940687e-07,6.307586772891227e-07,1.2145912478445098e-05,4.286111652618274e-05,1.6727990441722795e-06,5.806513399875257e-06,6.92072546826239e-07,3.078509280385333e-06,2.7081730422651162e-06,4.240818725520512e-06,2.0258366930647753e-06,9.102444096242834e-07,1.6534168025827967e-06,2.490457882231567e-05,0.011985684745013714,0.21785016357898712,0.03377355635166168,0.2751833498477936,0.5814833045005798,0.37141749262809753,0.2422834038734436,0.2883743345737457,0.6798887252807617,0.6058738231658936,0.5102375149726868,0.484598308801651,0.36239445209503174,0.19088932871818542,0.1558198481798172,0.14306886494159698,0.18149903416633606,0.2681609094142914
John F Kennedy was assassinated by a person named,The 35th president of the United States was assassinated by a person named,John F Kennedy,The 35th president of the United States, Lee Harvey Oswald,2.06699633054086e-06,0.00012523205077741295,0.0005477278027683496,0.00012493487156461924,0.0003140825720038265,0.00024320422380696982,0.0006358285900205374,0.0009279255173169076,0.0009780093096196651,0.00019194261403754354,4.879236439592205e-05,0.00035698135616257787,0.00043888104846701026,6.70491936034523e-05,0.00019855420396197587,4.3827130866702646e-05,0.000246383307967335,0.0010258678812533617,0.002573918318375945,0.0029512776527553797,0.0012643215013667941,0.002155844122171402,0.007218349725008011,0.017294416204094887,0.024804474785923958,0.06938926130533218,0.2342139333486557,0.6660690307617188,0.7169364094734192,0.9847155809402466,0.9902668595314026,0.9910751581192017,0.9303647875785828,0.9562675952911377
The best-selling song of Queen is called,"The best-selling song of the band comprised of Brian May, Freddie Mercury, Roger Taylor and John Deacon is called",Queen,"The band comprised of Brian May, Freddie Mercury, Roger Taylor and John Deacon", Bohemian Rhapsody,1.0630014003254473e-05,5.110721303935861e-06,4.979565346729942e-07,5.679469722963404e-06,4.8762008191260975e-06,1.87968817044748e-06,1.0137697472600848e-06,6.376531928253826e-06,6.313678113656351e-07,9.124668736149033e-07,7.704219910920074e-07,9.135091204370838e-06,4.6888562792446464e-06,4.7327180254796986e-06,4.933338004775578e-06,1.7903701063914923e-06,7.529685717599932e-06,6.313322046480607e-06,8.45361064421013e-05,6.71162924845703e-05,3.4223539842059836e-05,0.00019183156837243587,0.00020254607079550624,0.0011213166872039437,0.003513365751132369,0.02029474824666977,0.01310071162879467,0.01837044395506382,0.05381235107779503,0.013356928713619709,0.12132766842842102,0.04098997265100479,0.034648358821868896,0.06185070425271988
William Thomson did important work in the formulation of the first and second laws of,Lord Kelvin did important work in the formulation of the first and second laws of,William Thomson,Lord Kelvin, thermodynamics,5.3433373977895826e-05,0.0005099997506476939,0.0006396040553227067,0.008296364918351173,0.05385216698050499,0.024206317961215973,0.01405048556625843,0.005849729757755995,0.0014894428895786405,0.0005131593206897378,0.0003201910585630685,0.00022672480554319918,5.3622348787030205e-05,0.00030714733293280005,0.00028298760298639536,0.0057434383779764175,0.03955428674817085,0.4086551368236542,0.8033085465431213,0.8588640093803406,0.9238420724868774,0.9730746746063232,0.9699246883392334,0.9812940359115601,0.9800829291343689,0.9735028743743896,0.9699520468711853,0.9783680438995361,0.9937992691993713,0.9933382272720337,0.9877631068229675,0.9896446466445923,0.9986384510993958,0.9979750514030457
The real name of the actor and rapper Will Smith is,The real name of the actor and rapper The Fresh Prince is,Will Smith,The Fresh Prince, Willard Carroll Smith II,9.273410483956468e-08,1.0188115084019955e-05,6.464699708885746e-06,8.067998714977875e-05,6.702039536321536e-05,4.268516568117775e-05,0.00019007381342817098,9.587498789187521e-05,0.00022097956389188766,0.0003542750491760671,0.00026028885622508824,0.00010313462553313002,0.00028967001708224416,0.000498168810736388,0.00021894779638387263,0.0001451717398595065,0.00020804702944587916,0.001240136451087892,0.0004923475789837539,0.012282172217965126,0.011642277240753174,0.0015329098096117377,0.003672154853120446,0.008461029268801212,0.05870765447616577,0.22723087668418884,0.18449455499649048,0.713372528553009,0.40572017431259155,0.3355715572834015,0.9445391297340393,0.8953414559364319,0.955564022064209,0.8676732182502747
Katy Perry's top album is called,Katheryn Elizabeth Hudson's top album is called,Katy Perry,Katheryn Elizabeth Hudson, Teenage Dream,9.18525877580123e-09,1.193078560390859e-07,7.633630616510345e-09,2.4607560433764775e-08,9.688458924017596e-09,1.1276318545583308e-08,5.743093822729861e-08,1.5568115685482553e-08,9.984133697571451e-08,2.0278696410969133e-07,4.83145115026673e-08,1.0730276045478604e-07,1.8170237581216497e-07,3.731647169047392e-08,1.1897870422217238e-07,1.7541134411658277e-07,2.481868932591169e-07,2.105886096614995e-07,1.2863387155448436e-07,1.3492005734860868e-07,6.064152557883062e-08,5.709036798862144e-08,1.3139749910351384e-07,1.690951165755905e-07,1.9584135202421749e-07,6.770833351765759e-07,5.5857390179880895e-06,2.6799203624250367e-05,0.00023011707526165992,6.5760308643803e-05,6.872494122944772e-05,0.00017816986655816436,0.04034988954663277,0.03347809240221977
Ernest Gary Gygax died in the town of,The creator of Dungeons & Dragons died in the town of,Ernest Gary Gygax,The creator of Dungeons & Dragons," Lake Geneva, Wisconsin, U.S.",6.649818533333018e-05,0.0009343961137346923,0.0008969480986706913,0.0004242393479216844,0.0018516250420361757,0.0008566394099034369,8.931361662689596e-05,4.8725647502578795e-05,0.00019041089399252087,0.00028217455837875605,0.0009447256452403963,0.0008832656894810498,0.0010394586715847254,0.00039214210119098425,0.0002789855352602899,0.00018888218619395047,0.0005474600475281477,0.003229286056011915,0.004141691606491804,0.004396490752696991,0.0054756333120167255,0.003823979292064905,0.00665766978636384,0.019487660378217697,0.009577926248311996,0.006254400592297316,0.008575094863772392,0.015587760135531425,0.09679210186004639,0.17574217915534973,0.7540870308876038,0.5910348892211914,0.05624515935778618,0.4810273349285126
Richard Garfield received a Bachelor of Science degree in the field of,The creator of Magic: The Gathering received a Bachelor of Science degree in field of,Richard Garfield,The creator of Magic: The Gathering, computer mathematics,6.21410072199069e-06,0.00025315373204648495,0.00056316057452932,0.0010658095125108957,0.003145179944112897,0.004044561646878719,0.0073211719281971455,0.0008925055153667927,0.005965988151729107,0.01593698561191559,0.023483799770474434,0.02141907438635826,0.08409971743822098,0.0346047542989254,0.059516508132219315,0.04514024034142494,0.041683439165353775,0.04086262360215187,0.39742907881736755,0.13055339455604553,0.18677306175231934,0.20936638116836548,0.09193940460681915,0.2187725305557251,0.1837361454963684,0.0410284548997879,0.03255736082792282,0.11557129770517349,0.13048997521400452,0.07847055047750473,0.08045263588428497,0.16096939146518707,0.10176549851894379,0.07422447204589844
Emperor Vespasian introduced a tax on this bodily fluid,The fourth and last emperor who reigned in the Year of the Four Emperors introduced a tax on this bodily fluid,Emperor Vespasian,The fourth and last emperor who reigned in the Year of the Four Emperors, urin,3.7959450764901703e-06,1.7296788428211585e-05,2.00449358089827e-06,3.617599941208027e-05,9.706828677735757e-06,7.65041204431327e-06,5.181091637496138e-06,7.280775093931879e-07,1.3307004564921954e-06,7.1007968927006e-07,4.408861116189655e-07,8.221504117500444e-07,2.1979174107400468e-06,6.002697318763239e-06,1.0476808711246122e-05,1.5999543393263593e-05,2.251609657832887e-05,2.5641926185926422e-05,1.4178771380102262e-05,1.0555399967415724e-05,4.743670433526859e-05,3.901202217093669e-05,2.8195834602229297e-05,1.6204499843297526e-05,2.493056672392413e-05,6.971581115067238e-06,6.329137249849737e-06,3.635521125033847e-06,6.1505979829235e-06,8.974555385066196e-06,4.3583408114500344e-05,2.2753727535018697e-05,6.250673322938383e-05,8.403954416280612e-05
"Ludwig II ruled Bavaria from 1864 until his death in 1886, when he drowned in Lake","Der Märchenkönig ('the Fairy Tale King') ruled Bavaria from 1864 until his death in 1886, when he drowned in Lake",Ludwig II,Der Märchenkönig ('the Fairy Tale King')," Starnberg, Bavaria, German Empire",6.950674287509173e-05,0.002241680398583412,0.008877357468008995,0.020718000829219818,0.02250775694847107,0.0034498698078095913,0.00231150072067976,0.0011950043262913823,0.006477840710431337,0.008813113905489445,0.02091168612241745,0.007315764203667641,0.008039764128625393,0.0023920522071421146,0.0031658168882131577,0.009353992529213428,0.0022284388542175293,0.0043595535680651665,0.003019724739715457,0.005308094434440136,0.006546348799020052,0.014224209822714329,0.04340272769331932,0.03331974893808365,0.023780079558491707,0.0017680141609162092,0.01339879259467125,0.028513064607977867,0.262604683637619,0.3900509178638458,0.9885159730911255,0.9904096126556396,0.9798535108566284,0.9951102137565613
Alexander the Great was tutored by the philosopher called,The man who conquered most of the known world was tutored by the philosopher called,Alexander the Great,The man who conquered the world, Aristotle,2.723244847402384e-07,2.4739460968703497e-07,1.0737152251749649e-06,2.284867377966293e-06,2.0211620721966028e-05,8.909047210181598e-06,2.8443541850720067e-06,2.623922000566381e-06,7.582956186524825e-06,1.0579070476524066e-05,3.586771708796732e-05,0.00018363245180808008,2.8375419788062572e-05,1.7388081687386148e-05,6.525179924210533e-05,0.0001700495049590245,0.0014513026690110564,0.0011265480425208807,0.004906475078314543,0.004207878839224577,0.021561656147241592,0.04611271619796753,0.19586701691150665,0.26460012793540955,0.35794317722320557,0.7231800556182861,0.8938055038452148,0.631698489189148,0.835411548614502,0.9769769310951233,0.9748557209968567,0.9467784762382507,0.7596244215965271,0.8856745362281799
Steve Rogers is famous for his,The first avenger is famous for his,Steve Rogers,The first avenger, shield,3.8323133821904776e-07,9.760300372363417e-07,5.119835577716003e-07,8.493700534017989e-07,1.4512571624436532e-06,5.420399702416034e-06,3.196510442649014e-05,2.964939812954981e-05,4.576798801281257e-06,4.327806891524233e-06,4.821379479835741e-05,8.69122777658049e-06,1.462624641135335e-05,1.0427184861327987e-05,1.5798605090822093e-05,8.862547474564053e-06,7.082821412041085e-06,8.753058864385821e-06,7.3404530667176004e-06,2.299861989740748e-05,2.2022626581019722e-05,3.0911956855561584e-05,5.4534993978450075e-05,0.0014876383356750011,0.0005727008101530373,0.0005271516856737435,0.0010538479546085,0.005125295836478472,0.0035627095494419336,0.004696476273238659,0.004998502787202597,0.015366442501544952,0.231703519821167,0.009246527217328548
Thomas Jennings invented a method for removing,The first African-American to hold a patent invented a method for removing,Thomas Jennings,The first African-American to hold a patent, dirt and grease from clothing,1.299827727052616e-05,2.486265657353215e-05,1.4800560165895149e-05,0.000408968364354223,4.553825419861823e-05,0.0002632830000948161,0.00033134655677713454,7.544272375525907e-05,7.339664443861693e-05,9.45961000979878e-05,0.0001700419234111905,0.00041083755786530674,0.0004493077576626092,0.0003298294323030859,0.00015381647972390056,8.503145363647491e-05,3.826421016128734e-05,4.4695221731672063e-05,0.0003165564558003098,0.00017006137932185084,7.947124686324969e-05,0.00015667738625779748,0.00016416590369772166,0.00019765697652474046,0.0005235793069005013,0.00035197287797927856,0.0011055136565119028,0.00211193785071373,0.0033579992596060038,0.0026107500307261944,0.0006806501187384129,0.0014782955404371023,0.0012268440332263708,0.0006052916869521141
Leonardo da Vinci was born in the modern-day country of,The painter of the Mona Lisa was born in the modern-day country of,Leonardo da Vinci,The painter of the Mona Lisa, Italy,4.155690021434566e-06,0.0004549578297883272,0.002809114521369338,0.005779036786407232,0.004520499147474766,0.00559341162443161,0.009542296640574932,0.001932443119585514,0.00916886143386364,0.00641509098932147,0.001617071102373302,0.0033323303796350956,0.0053113168105483055,0.003283159341663122,0.01538443099707365,0.04621769115328789,0.06217183545231819,0.3072351813316345,0.10388325154781342,0.5864958763122559,0.6098178029060364,0.5352191925048828,0.6969822645187378,0.8610004186630249,0.9932450652122498,0.9466100931167603,0.4353958070278168,0.5125928521156311,0.854175329208374,0.8527260422706604,0.6961417198181152,0.9723443388938904,0.48575982451438904,0.9789077639579773
Johannes Gutenberg originally trained to become a,The inventor of the printing press originally trained to become a,Johannes Gutenberg,The inventor of the printing press, goldsmith,1.1097840797447134e-06,3.8372090784832835e-05,2.88870396616403e-05,0.00010590820602374151,0.00018772803014144301,0.0004565732378978282,0.0010825018398463726,0.0021673517767339945,0.0004022542270831764,0.0007380044553428888,0.0004616786609403789,0.00035506629501469433,0.00032293633557856083,6.307609146460891e-05,1.3745008800469805e-05,1.3868833775632083e-05,2.3215427063405514e-05,7.961538358358666e-06,5.564626462728484e-06,0.00017677503637969494,0.00030549976509064436,0.00016865873476490378,0.0001747984206303954,0.00018126760551240295,6.420511635951698e-05,0.0001588311279192567,0.0004150645690970123,0.006879457272589207,0.10643919557332993,0.29694318771362305,0.3060987889766693,0.9099977612495422,0.9338011145591736,0.9046798944473267
"In addition to being an inventor, Samuel F.B. Morse was also a talented","In addition to being an inventor, the developer of the electrical telegraph was also a talented",Samuel F.B. Morse,the developer of the electrical telegraph, artist,2.234564090031199e-05,0.0025621894747018814,0.020980460569262505,0.2375924438238144,0.20997822284698486,0.38714006543159485,0.4744032919406891,0.45025643706321716,0.2235666811466217,0.39300671219825745,0.4282100796699524,0.29576289653778076,0.24853891134262085,0.08919316530227661,0.10321951657533646,0.22250062227249146,0.4018910825252533,0.7469155192375183,0.8603066802024841,0.9083933234214783,0.9427424669265747,0.9604942202568054,0.7410077452659607,0.8706556558609009,0.8925048112869263,0.9664739370346069,0.9777892827987671,0.9554265737533569,0.9516836404800415,0.9637286067008972,0.924103856086731,0.9769013524055481,0.19817979633808136,0.9631296396255493
The first patented invention of Thomas Alva Edison was the electric,The first patented invention of the inventor of the light bulb was the electric,Thomas Alva Edison,the inventor of the light bulb, vote recorder,3.977522283094004e-06,2.5253291823901236e-05,2.9029140932834707e-05,2.158128518203739e-05,5.744644113292452e-06,2.1303369067027234e-05,3.9671813283348456e-05,7.358890798059292e-06,7.529511094617192e-06,3.480688974377699e-06,1.307527236349415e-05,2.8839491278631613e-05,1.5403578800032847e-05,7.856138836359605e-06,4.160585376666859e-06,4.95288895763224e-06,8.050465112319216e-06,3.3349392651871312e-06,2.908297119574854e-06,7.706135875196196e-06,4.320666266721673e-05,7.663557335035875e-05,0.0006173962028697133,0.000931895337998867,0.004166380502283573,0.03407417610287666,0.08156385272741318,0.8120863437652588,0.8761217594146729,0.8011872172355652,0.315219908952713,0.637302577495575,0.0032139441464096308,0.9162713289260864
Nikola Tesla was born in the modern-day country of,The rival of Thomas Alva Edison was born in the modern-day country of,Nikola Tesla,The rival of Thomas Alva Edison, Croatia,6.599294124498556e-07,9.577534001437016e-06,2.8765876777470112e-05,7.603222911711782e-05,0.0001417217281414196,0.00017059790843632072,0.0001489219139330089,0.00020894251065328717,0.0005044298013672233,0.001128076808527112,0.00020842354570049793,5.7155393733410165e-05,5.394008258008398e-05,0.0002478017413523048,0.001028824714012444,0.0008949303883127868,0.0073629203252494335,0.042637865990400314,0.015705611556768417,0.010578105226159096,0.017515571787953377,0.021954741328954697,0.0541595034301281,0.07932937890291214,0.1721039116382599,0.4815521836280823,0.6046267151832581,0.7114195227622986,0.8173678517341614,0.9862415790557861,0.9649702310562134,0.9553154706954956,0.07748176902532578,0.9923862218856812
Nikola Tesla went to the University of,The inventor of the Tesla coin went to the University of,Nikola Tesla,The inventor of the Tesla coin, Graz,9.936939932231326e-06,1.4695024219690822e-05,3.101477830114163e-07,8.568621296944912e-07,1.2934908681927482e-06,1.080779725270986e-06,2.7247008347330848e-06,5.1462075134622864e-06,2.7209584914089646e-06,4.5543729356722906e-05,1.2516537935880478e-05,3.1277702419174602e-06,8.788837249085191e-07,1.9908220565412194e-06,1.7566703718330245e-06,4.889577212452423e-06,1.855119080573786e-05,1.8024740711553022e-05,0.00025914146681316197,0.0003061378956772387,0.0005538063705898821,0.0001351082610199228,0.00020901417883578688,0.0028979647904634476,0.00852640625089407,0.010927051305770874,0.00626518065109849,0.002328844740986824,0.004816431552171707,0.0022112922742962837,0.0013944569509476423,0.0014086085138842463,4.8446534492541105e-05,0.006196449976414442
Nikola Tesla died in the city called,The inventor of the induction motor died in the city called,Nikola Tesla,The inventor of the induction motor," New York City, U.S.",4.385618376545608e-05,0.0004057252372149378,0.0005943605210632086,0.002153153996914625,0.0045631807297468185,0.0015081973979249597,0.0020878498908132315,0.0026569324545562267,0.0009544143103994429,0.004051609430462122,0.0017250495729967952,0.0029649040661752224,0.0050897072069346905,0.015579644590616226,0.0019509673584252596,0.006716599687933922,0.0007381804753094912,0.01357716228812933,0.002524013863876462,0.02915865369141102,0.02007426880300045,0.029536258429288864,0.02382218837738037,0.012119151651859283,0.013737578876316547,0.026991818100214005,0.011380758136510849,0.11715706437826157,0.6909960508346558,0.6727274060249329,0.8675763607025146,0.9452372193336487,0.004246080294251442,0.5550494194030762
Nikola Tesla studied,The inventor of alternating current studied,Nikola Tesla,The inventor of alternating current, electrical engineering,8.209840416384395e-07,2.3944003260112368e-05,5.572763257077895e-05,5.437542131403461e-05,0.00022654941130895168,0.000927492103073746,0.0051417541690170765,0.0008803209639154375,0.00233100401237607,0.0035948411095887423,0.006805263925343752,0.001487423782236874,0.0020356420427560806,0.0022744392044842243,0.002741782693192363,0.1201537474989891,0.18468111753463745,0.2845227122306824,0.1860901564359665,0.3407198488712311,0.26600250601768494,0.474841445684433,0.4554156959056854,0.5162312388420105,0.4509891867637634,0.5434311032295227,0.3398734927177429,0.5585283041000366,0.5989741683006287,0.7698516845703125,0.33150121569633484,0.10066504031419754,0.15334822237491608,0.6520196795463562
New York City is in the state of,The most populous city in the United States is in the state of,New York City,The most populous city in the United States, New York,8.539619739167392e-05,0.004005925729870796,0.03622812405228615,0.006123289465904236,0.010904749855399132,0.0003546574735082686,0.0014562316937372088,0.000947995693422854,0.0007904644007794559,0.001059095375239849,0.005078078247606754,0.0027537441346794367,0.006498186383396387,0.043753162026405334,0.09084818512201309,0.3998354375362396,0.6186736822128296,0.9672014713287354,0.9453054070472717,0.9653258323669434,0.9574431777000427,0.972206175327301,0.9619141221046448,0.9869519472122192,0.994096040725708,0.9967092275619507,0.9921908974647522,0.9894066452980042,0.9828845262527466,0.9930195212364197,0.9699912071228027,0.992760419845581,0.8077495694160461,0.9913589954376221
Michelle Obama was born in the city of,Barack Obama's wife was born in the city of,Michelle Obama,Barack Obama's wife, Chicago,0.00011355633614584804,0.10617373883724213,0.09400194883346558,0.036335863173007965,0.10640637576580048,0.09883571416139603,0.13383424282073975,0.3335248827934265,0.36749884486198425,0.1663443148136139,0.1400252729654312,0.06061922013759613,0.03398461267352104,0.0023825429379940033,0.027894163504242897,0.01848219335079193,0.3720332980155945,0.3210286498069763,0.15093876421451569,0.2760012745857239,0.500758707523346,0.6408583521842957,0.39031973481178284,0.5033736228942871,0.9127177596092224,0.5146395564079285,0.7074080109596252,0.7798994779586792,0.8916861414909363,0.9894352555274963,0.9567306041717529,0.9903296232223511,0.48851582407951355,0.9831212759017944
Florence Nightingale was born in the city of,The founder of modern nursing was born in the city of,Florence Nightingale,The founder of modern nursing, Florence,1.633038482395932e-05,5.2935567509848624e-05,5.2121442422503605e-05,0.00014088708849158138,9.232814772985876e-05,0.00019354336836840957,4.7220739361364394e-05,4.564400660456158e-05,4.923703090753406e-05,0.0001468397385906428,0.00015363575948867947,4.857722524320707e-05,4.7070243454072624e-05,1.9209071979275905e-05,6.519236194435507e-05,7.444815128110349e-05,0.0019548365380614996,0.006302999798208475,0.20990414917469025,0.3485682010650635,0.25191423296928406,0.3279849886894226,0.22445406019687653,0.20615796744823456,0.5616753101348877,0.29805460572242737,0.45076191425323486,0.2947258949279785,0.3081338703632355,0.5351217985153198,0.6006626486778259,0.19864822924137115,0.6117756962776184,0.9344878792762756
Hippocrates was from the country of,The father of medicine was from the country of,Hippocrates,The father of medicine, Greece,4.095057647646172e-06,0.0002168326755054295,0.0015272193122655153,0.009634414687752724,0.016602054238319397,0.0014519706601276994,0.00067053985549137,0.002010433468967676,0.0046976967714726925,0.0035570645704865456,0.01208698470145464,0.008717015385627747,0.0032423611264675856,0.0027358480729162693,0.019069669768214226,0.03808854520320892,0.4359745979309082,0.5774043798446655,0.7570783495903015,0.7658690810203552,0.9125944375991821,0.7717243432998657,0.3025280237197876,0.6080403923988342,0.8596853017807007,0.08508379757404327,0.2389611303806305,0.17615288496017456,0.6825273633003235,0.8865885138511658,0.6473016738891602,0.6474600434303284,0.5269083380699158,0.590760350227356
Albert Einstein was known for developing the theory of,The winner of the 1921 Nobel Prize in Physics was known for developing the theory of,Albert Einstein,The winner of the 1921 Nobel Prize in Physics , relativity,6.486451457021758e-05,0.00033337625791318715,0.00011377692135283723,6.218765975063434e-06,2.8128542908234522e-05,0.00016486503591295332,0.0009526149369776249,0.0013066875981166959,0.0015770680038258433,0.0012943432666361332,0.0031562848016619682,0.00029189110500738025,0.00031749007757753134,0.0003014970279764384,0.0009868534980341792,0.0012266321573406458,0.01602856069803238,0.01685578189790249,0.1110401600599289,0.36604005098342896,0.6191326379776001,0.7525162696838379,0.560075581073761,0.7700777053833008,0.8001198768615723,0.8634210824966431,0.7788804769515991,0.9872838258743286,0.977380633354187,0.9835776090621948,0.9361260533332825,0.9654683470726013,0.4445788562297821,0.8320122361183167
James Madison was born in the state of,The father of the Constitution was born in the state of,James Madison,The father of the Constitution, Virgina,1.4703807664773194e-06,6.89873741066549e-06,1.3972278338769684e-06,3.8854213926242664e-06,3.13498021569103e-05,5.9867932577617466e-05,6.826095159340184e-06,6.9762413659191225e-06,3.3650088880676776e-05,1.6802441678009927e-05,1.2189822882646695e-05,1.836413866840303e-05,4.154674752498977e-05,8.045569848036394e-05,8.516455272911116e-05,2.9872331651858985e-05,4.7694444219814613e-05,9.496484381088521e-06,4.9340127588948235e-05,3.55319534719456e-05,0.0001153584016719833,1.6456449884572066e-05,3.6498743156698765e-06,5.346094440028537e-06,2.114246854034718e-06,1.9886259906343184e-05,2.4059336283244193e-05,3.2915773772401735e-05,0.00037466909270733595,0.00011556568642845377,0.0005486553418450058,0.00019008001254405826,0.0012344360584393144,0.0006612732540816069
Charles Babbage was born in the city of,The father of the computer was born in the city of,Charles Babbage,The father of the computer, London,4.683490715251537e-06,0.0076668462716042995,0.025352967903017998,0.024720530956983566,0.056388888508081436,0.023619409650564194,0.01652560941874981,0.0071259415708482265,0.01698191836476326,0.016963142901659012,0.008776922710239887,0.011810141615569592,0.011739983223378658,0.0028818489518016577,0.04695922136306763,0.05123743787407875,0.08537276089191437,0.28371569514274597,0.2206977903842926,0.2130422741174698,0.26445966958999634,0.2621805965900421,0.20147259533405304,0.36946460604667664,0.9295660853385925,0.6505432724952698,0.8452940583229065,0.9109095335006714,0.8833501935005188,0.8909956216812134,0.8120304346084595,0.9627429842948914,0.015229577198624611,0.9084289073944092
Galileo Galilei was born in the city of,The father of the scientific method was born in the city of,Galileo Galilei,The father of the scientific method, Pisa,7.392563566099852e-05,0.005987438373267651,0.0010994491167366505,0.00048706281813792884,0.00020215065160300583,0.0005537978722713888,0.0021062251180410385,0.0007807164220139384,0.001527408603578806,0.0003242980455979705,0.0006268711877055466,0.00039783064858056605,0.0001782337494660169,0.0059858341701328754,0.001078355242498219,0.016227681189775467,0.007226983550935984,0.016182348132133484,0.0454043447971344,0.01625235751271248,0.02834787592291832,0.035546381026506424,0.0502985455095768,0.005230368115007877,0.01788117177784443,0.10522689670324326,0.11252623796463013,0.7193989753723145,0.8860204815864563,0.9753384590148926,0.9997015595436096,0.9619407057762146,0.05270877107977867,0.9869157075881958
The Taj Mahal was commissioned by,The ivory-white mausoleum in India was commissioned by,The Taj Mahal,The ivory-white mausoleum in India, Shah Jahan,3.157973424094962e-06,3.0621333735325607e-06,1.0720580121414969e-06,2.6202985736745177e-06,1.1755357576248571e-07,1.6109084981508204e-06,1.570337985867809e-06,1.9340906874276698e-05,5.179905201657675e-06,1.164586137747392e-05,3.0390328902285546e-05,9.297038923250511e-05,0.000163625183631666,2.1434480004245415e-05,7.966060366015881e-05,2.0809302441193722e-05,2.8090651539969258e-05,0.00010426916560390964,0.0004577315703500062,0.0007532712770625949,0.0005254288553260267,0.00016425919602625072,0.0003862947050947696,0.0010993563337251544,0.004466610960662365,0.018878299742937088,0.03461579978466034,0.026069678366184235,0.01081035565584898,0.0032137655653059483,0.0046937912702560425,0.010065770708024502,0.046351343393325806,0.019672302529215813
The Gateway Arch is located in,The world's tallest arch is located in,The Gateway Arch,The world's tallest arch, St. Louis,4.7477573389187455e-05,0.00010694652155507356,0.00042742304503917694,0.00026682610041461885,5.99545419390779e-05,0.00018837692914530635,0.0001315815025009215,0.0001663615257712081,5.033167326473631e-05,0.00017166382167488337,0.000316196761559695,0.0003546297666616738,0.0006583122303709388,0.0004172332410234958,0.001269308035261929,0.0005552445072680712,0.012433277443051338,0.03224213421344757,0.02523908019065857,0.0735066756606102,0.12081300467252731,0.25565096735954285,0.41629093885421753,0.7256217002868652,0.8601770997047424,0.5335027575492859,0.810359537601471,0.949800431728363,0.9682031273841858,0.8744600415229797,0.9315785765647888,0.9411369562149048,0.38236182928085327,0.9507700204849243
The Shard is located in the city of,The tallest building in the United Kingdom is located in the city of,The Shard,The tallest building in the United Kingdom, London,4.17657611251343e-06,0.008152245543897152,0.027054907754063606,0.04926147311925888,0.04074660316109657,0.005377747118473053,0.00440216064453125,0.0016970206052064896,0.0058110845275223255,0.00872976053506136,0.006214129272848368,0.04738079383969307,0.06146937236189842,0.023575052618980408,0.10329855978488922,0.058603931218385696,0.5302694439888,0.7863278388977051,0.7284049391746521,0.8065504431724548,0.5944371223449707,0.42249298095703125,0.5154253840446472,0.5988333821296692,0.97635817527771,0.9464402198791504,0.9533224105834961,0.981656014919281,0.98616623878479,0.9937732815742493,0.9882655143737793,0.9922383427619934,0.7583131790161133,0.992664098739624
T. Rex lived on the modern day continent of,The dinosaur with tiny arms lived on the modern day continent of,T. Rex,The dinosaur with tiny arms, North America,5.61446177016478e-05,0.0014662158209830523,0.011880520731210709,0.0051584006287157536,0.01078789308667183,0.013025790452957153,0.023842349648475647,0.005461349617689848,0.016499221324920654,0.05410359054803848,0.06722895056009293,0.05659506097435951,0.04961341619491577,0.05346870794892311,0.019449179992079735,0.014627842232584953,0.02480311319231987,0.0851472020149231,0.061752479523420334,0.04788166657090187,0.1605299860239029,0.09674607962369919,0.34922316670417786,0.16971899569034576,0.0917619839310646,0.06003648787736893,0.04468231275677681,0.08702950179576874,0.5112745761871338,0.40155497193336487,0.38344433903694153,0.27753350138664246,0.035407885909080505,0.25128862261772156
Bananas grow on,Long yellow berries grow on,Bananas,Long yellow berries, trees,4.184969293419272e-05,4.6957513404777274e-05,0.0005189916118979454,0.005415863823145628,0.01993614062666893,0.005446729715913534,0.2812880575656891,0.293788880109787,0.3302953243255615,0.1548936665058136,0.06689576804637909,0.08997074514627457,0.047915030270814896,0.22015556693077087,0.15950578451156616,0.39069435000419617,0.17237481474876404,0.4088077247142792,0.24071091413497925,0.036518990993499756,0.14066486060619354,0.4034079313278198,0.02646547183394432,0.01912861503660679,0.0005804987740702927,0.00025992572773247957,0.0005050269537605345,0.0014070915058255196,0.012649206444621086,0.005076977889984846,0.013564925640821457,0.019979476928710938,0.0020149308256804943,0.01449531503021717
"When life gives you limes, make","When life gives you the green version of lemons, make",limes,the green version of lemons, limeade,9.23265019991959e-07,1.182124691467834e-07,2.3859072939558246e-08,3.181750685143925e-08,4.1597658650971425e-07,2.782054252747912e-06,3.199756520189112e-06,6.800769369874615e-06,2.3127188342186855e-06,1.7039361409842968e-05,2.8419492537068436e-06,1.3617885770145222e-06,2.322625960005098e-06,5.263845650915755e-06,1.015958514472004e-05,4.569406155496836e-05,0.0002375374606344849,0.002543350448831916,0.0007635082001797855,0.012194406241178513,0.004701879341155291,0.03395271673798561,0.5701167583465576,0.7717268466949463,0.8226955533027649,0.8805848360061646,0.9392550587654114,0.9290596842765808,0.8913225531578064,0.8756364583969116,0.7995507121086121,0.6086063981056213,0.006390235852450132,0.41113078594207764
Helen Keller was born in the state of,A deaf and blind disability rights activist was born in the state of,Helen Keller,A deaf and blind disability rights activist, Alabama,3.362479037605226e-05,0.0007418339373543859,0.003001459874212742,0.0035440390929579735,0.004284864291548729,0.0019548090640455484,0.0006808416801504791,0.0010568775469437242,0.0016147894784808159,0.0013528236886486411,0.0011402477975934744,0.00031232694163918495,0.0003445353067945689,0.002083029132336378,0.002503756433725357,0.012325846590101719,0.10474362224340439,0.39681005477905273,0.3532694876194,0.547575831413269,0.5041261911392212,0.6932511925697327,0.7115024924278259,0.7129982113838196,0.9692877531051636,0.9176871180534363,0.9699998497962952,0.9524615406990051,0.9448472261428833,0.9915426969528198,0.9800747632980347,0.9743520617485046,0.06407903134822845,0.9725517630577087
Mozart was born in the modern day country of,The pianist who composed Twinkle Twinkle Little Star was born in the modern day country of,Mozart,The pianist who composed Twinkle Twinkle Little Star, Austria,2.375508529439685e-06,2.215698805230204e-05,0.00012483939644880593,0.0003392364305909723,0.00030508573399856687,7.036936585791409e-05,7.958415517350659e-05,1.841648372646887e-05,3.931944229407236e-05,5.6469572882633656e-05,0.00010553068568697199,0.0001840368495322764,0.0001705945178400725,0.00020238729484844953,0.0009562893537804484,0.003062479430809617,0.0509006604552269,0.42496591806411743,0.33890461921691895,0.5381741523742676,0.754037082195282,0.8393570184707642,0.5583752989768982,0.5479453206062317,0.9321827292442322,0.9492585062980652,0.9318972229957581,0.9449102282524109,0.9080066084861755,0.8940941095352173,0.8122339248657227,0.7854953408241272,0.09960063546895981,0.9058488607406616
Beethoven was born in the modern day country of,The pianist who eventually went deaf was born in the modern day country of,Beethoven,The pianist who eventually went deaf, Germany,1.9959888959419914e-06,0.0002388510329183191,0.002876612590625882,0.007721176370978355,0.00810096226632595,0.007142714224755764,0.014170722104609013,0.0018314485205337405,0.004076050594449043,0.0020146172028034925,0.001382074085995555,0.0028960874769836664,0.005512517876923084,0.017019223421812057,0.017988886684179306,0.029705651104450226,0.02177377976477146,0.08061788976192474,0.011496295221149921,0.02428545244038105,0.030736619606614113,0.05081363022327423,0.11545415967702866,0.15744221210479736,0.2982403635978699,0.5619140267372131,0.4661237895488739,0.39202138781547546,0.49388936161994934,0.7954252362251282,0.7998945713043213,0.9047297239303589,0.06135239452123642,0.910956621170044
The father of Hermes is,The father of the Greek messenger god is,Hermes,Greek messenger god, Zeus,2.1171621256144135e-07,6.014936388964998e-07,4.4649263486462587e-07,6.54044072234683e-07,7.111293598427437e-06,4.839452572014125e-07,1.4622203707403969e-05,8.81468895386206e-06,2.1980114979669452e-05,7.683037256356329e-05,2.3220311049954034e-05,9.405449418409262e-06,1.356974826194346e-05,8.752745998208411e-06,1.3247086826595478e-05,2.6532243282417767e-05,0.00010141856910195202,0.0009672812302596867,0.003647018224000931,0.04382319003343582,0.12251520156860352,0.07124786823987961,0.2258332371711731,0.32375824451446533,0.18020014464855194,0.3985726833343506,0.4147631525993347,0.14636819064617157,0.025206439197063446,0.02451559528708458,0.036961495876312256,0.08326014876365662,0.04595310240983963,0.6782161593437195
Thor is the son of,The God of Thunder is the son of,Thor,The God of Thunder, Odin,2.2257114551393897e-07,1.784554910955194e-06,6.856113827780064e-07,2.7354303711035755e-06,1.3255450994620332e-06,2.5997917418862926e-06,2.604442215670133e-06,3.2306568300555227e-06,8.596559382567648e-06,3.205098664693651e-06,3.0137455269141356e-06,7.768247087369673e-06,1.96442397282226e-05,8.800565410638228e-06,3.6374301544128684e-06,7.075142548274016e-06,0.00040548676042817533,0.0017896356293931603,0.0013467019889503717,0.006868071388453245,0.036081891506910324,0.028920162469148636,0.05208442360162735,0.3025940954685211,0.49785831570625305,0.5667370557785034,0.5925029516220093,0.686991274356842,0.4161219894886017,0.8396058678627014,0.8125914335250854,0.7230921983718872,0.8490550518035889,0.9640226364135742
New York City is also known as The Big,The most populous city in the United States is also known as The Big,New York City,The most populous city in the United States, Apple,2.9863635063520633e-05,0.0002570217184256762,0.0003805358719546348,0.0053263138979673386,0.0053439661860466,0.004213232547044754,0.00034569227136671543,0.002490570303052664,0.0010535919573158026,0.001598720671609044,0.002346739871427417,0.0019142745295539498,0.0008387418347410858,0.0016527014086022973,0.00037127360701560974,0.000446641119197011,0.00010294741514371708,0.00020938731904607266,0.000715393282007426,0.0005065545556135476,0.0061674476601183414,0.004322053398936987,0.028334995731711388,0.015207471325993538,0.04935676231980324,0.4154159724712372,0.7550603747367859,0.8926393985748291,0.9285612106323242,0.9673519134521484,0.9670498371124268,0.9779346585273743,0.9985186457633972,0.9994857311248779
Abraham Lincoln succeeded in abolishing,The first president to be assassinated succeeded in abolishing,Abraham Lincoln,The first president to be assassinated, slavery,6.105390184529824e-07,4.262319635017775e-07,6.614086487388704e-07,1.181348579848418e-06,5.6428907555527985e-06,5.451860488392413e-06,3.230984657420777e-05,4.498081761994399e-05,5.644396514981054e-05,0.00011932752386201173,0.00012133415293646976,0.00028250462491996586,1.6368101569241844e-05,1.513770257588476e-05,5.417684860731242e-06,0.00010492306319065392,0.017991624772548676,0.2025480568408966,0.6030163168907166,0.45101237297058105,0.5605272650718689,0.8445802927017212,0.9818035364151001,0.9636631608009338,0.915403425693512,0.9415795803070068,0.9051588773727417,0.9212863445281982,0.9860261678695679,0.9586895108222961,0.9504128694534302,0.9841492772102356,0.8282736539840698,0.9741522073745728
Abraham Lincoln fought in the,The first president to be assassinated fought in the,Abraham Lincoln,The first president to be assassinated, Civil War,6.456296432588715e-06,9.419486013939604e-05,0.001308620092459023,0.006441268604248762,0.0079668452963233,0.004937650635838509,0.12116030603647232,0.053557220846414566,0.04578957334160805,0.01283184438943863,0.022097332403063774,0.05151102691888809,0.15569789707660675,0.05356821045279503,0.03266351297497749,0.04521802440285683,0.034147799015045166,0.1630324423313141,0.24414877593517303,0.03498079627752304,0.005093850661069155,0.025294551625847816,0.015490791760385036,0.022061573341488838,0.00011563369480427355,0.0008484682184644043,0.004459572955965996,0.003402142086997628,0.003987928852438927,0.0020648932550102472,0.0011218002764508128,0.003246875712648034,0.013036713935434818,0.010959028266370296
Medusa could turn people into,The goddess with snakes for hair could turn people into,Medusa,The goddess with snakes for hair, stone,8.119888661894947e-06,2.161706106562633e-06,0.00015566873480565846,3.5213866794947535e-05,1.8002361684921198e-05,2.7428179237176664e-05,9.000831050798297e-05,7.889582775533199e-05,8.465143764624372e-05,0.00019535281171556562,0.00013199196837376803,0.00037265289574861526,0.0004720713186543435,0.0012908568605780602,0.0006376000237651169,0.002440577605739236,0.0006919115548953414,0.0031701086554676294,0.005078434012830257,0.025457805022597313,0.2966252267360687,0.7405723333358765,0.6797521710395813,0.8663146495819092,0.9451085925102234,0.9519738554954529,0.947539210319519,0.9483559131622314,0.9750585556030273,0.9287394881248474,0.6652239561080933,0.683223307132721,0.4827580153942108,0.577202558517456
Persephone is famous for eating a,The daughter of Demeter is famous for eating a,Persephone,the daughter of Demeter, pomegranate,0.0002408490690868348,0.0015879374695941806,0.0003624733362812549,0.0006796969100832939,0.00019221726688556373,0.0002924086875282228,7.075774919940159e-05,0.0001678584812907502,8.099423575913534e-05,0.00015201249334495515,5.437680738396011e-05,5.692639751941897e-05,6.756864604540169e-05,0.0013331739464774728,0.0013615916250273585,0.0009863749146461487,0.00017065144493244588,5.891769615118392e-05,0.0003029884828720242,0.0003668371064122766,0.0002541776921134442,0.0001590772153576836,0.0002132381487172097,7.436451414832845e-05,0.0006331963231787086,0.0002937187673524022,0.0020146023016422987,0.024869943037629128,0.017015228047966957,0.03626805916428566,0.08242294192314148,0.13683632016181946,0.05983106046915054,0.11965417116880417
Oedipus married a woman named,The King of Thebes married a woman named,Oedipus,The King of Thebes, Jocasta,0.0005653809639625251,0.01718820258975029,0.01978420466184616,0.022368114441633224,0.005157613195478916,0.0050259786657989025,0.005409580189734697,0.018308322876691818,0.008960742503404617,0.004957304801791906,0.00530626205727458,0.006747332401573658,0.007851426489651203,0.005259867757558823,0.004173030145466328,0.0025678284000605345,0.003109629498794675,0.0035098479129374027,0.0015521810855716467,0.0037319890689104795,0.0016893333522602916,0.0025135132018476725,0.0005005701095797122,0.0041335574351251125,0.0036814003251492977,0.017991645261645317,0.09217718988656998,0.7057801485061646,0.43287989497184753,0.8778819441795349,0.9465914368629456,0.9273183345794678,0.12937825918197632,0.8445977568626404
William Shakespeare was born in the country of,The Bard of Avon was born in the country of,William Shakespeare,The Bard of Avon, England,1.0344263500883244e-05,0.0014281728072091937,0.005240875296294689,0.0063608442433178425,0.015123160555958748,0.004672370385378599,0.008403602987527847,0.022637242451310158,0.018351854756474495,0.07557210326194763,0.1686345487833023,0.06434515863656998,0.04075363278388977,0.1464889794588089,0.37078073620796204,0.7151447534561157,0.6913192868232727,0.9583321213722229,0.9329514503479004,0.9758762717247009,0.9248595237731934,0.9217721819877625,0.9617924094200134,0.923976480960846,0.9935438632965088,0.9870994687080383,0.9876773953437805,0.9856740832328796,0.970445990562439,0.9181113243103027,0.893211841583252,0.9680026173591614,0.8968678712844849,0.9752926230430603
Hercules had a father named,The son of Hera had a father named,Hercules,The son of Hera, Zeus,2.3200423129310366e-06,7.866200576245319e-06,3.190964434907073e-06,7.077104783093091e-06,3.721880375451292e-06,3.8430330278060865e-06,1.7453362488595303e-06,1.5721025192760862e-05,5.424079063232057e-05,3.892863242072053e-05,1.8936760170618072e-05,2.3300593966268934e-05,3.618028495111503e-05,2.5075149096664973e-05,7.121069938875735e-05,0.00020862201927229762,0.00034732682979665697,0.0004124421102460474,0.003573010675609112,0.06968152523040771,0.0943356528878212,0.2152397334575653,0.5885482430458069,0.7983118295669556,0.6829551458358765,0.8243265748023987,0.6529462933540344,0.1874569058418274,0.10350406169891357,0.42636844515800476,0.296345055103302,0.4214765131473541,0.842725396156311,0.9420186281204224
The Great Barrier Reef is located off the coast of the continent of,The largest coral reef system in the world is located off the coast of the continent of,The Great Barrier Reef,The largest coral reef system in the world, Australia,2.2823083781986497e-05,0.0002151679218513891,0.003719347296282649,0.010177120566368103,0.006992826703935862,0.0038069086149334908,0.004679522477090359,0.00313817011192441,0.0044260695576667786,0.002888756338506937,0.0018463288433849812,0.00028302037389948964,0.0004592068726196885,0.0008260355098173022,0.01606992445886135,0.09468071162700653,0.15397855639457703,0.5143859386444092,0.29677537083625793,0.39395833015441895,0.1539587676525116,0.3411366641521454,0.5869154930114746,0.7364027500152588,0.8995723724365234,0.9049441814422607,0.874264657497406,0.9420287609100342,0.9027066230773926,0.9435813426971436,0.8495196104049683,0.9810683131217957,0.8979171514511108,0.9787988662719727
The Louvre Museum is located in the city of,The largest art museum in the world is located in the city of,The Louvre Museum,The largest art museum in the world, Paris,3.382115664862795e-06,0.0006046346388757229,0.0014997065300121903,0.005717679858207703,0.01944044977426529,0.028480544686317444,0.018011240288615227,0.01678793504834175,0.019954100251197815,0.00950490403920412,0.005894199945032597,0.004297217819839716,0.018442392349243164,0.028728891164064407,0.03685528784990311,0.05826501175761223,0.8104628324508667,0.9233434200286865,0.9069848656654358,0.8926527500152588,0.8848106265068054,0.8316414952278137,0.8836503028869629,0.9478951692581177,0.9930276274681091,0.9721965789794922,0.9748764634132385,0.9801313281059265,0.9823447465896606,0.9873097538948059,0.9562214016914368,0.9789727330207825,0.20010286569595337,0.9589682221412659
Mount Everest is located in the,The highest peak in the world is located in the,Mount Everest,The highest peak in the world, Himalayan,3.1046495223563397e-06,8.537579560652375e-06,4.8624613555148244e-05,2.692739144549705e-05,0.0008931439951993525,0.0008544427109882236,0.0004905430250801146,0.0005694451974704862,0.0016363543691113591,0.0009083222248591483,0.0005821521626785398,0.0006228780257515609,0.00026313369744457304,0.00020386883988976479,0.0004137795767746866,0.006186042912304401,0.05722405016422272,0.2987155020236969,0.4349224269390106,0.7469550371170044,0.903472363948822,0.949206531047821,0.9575520753860474,0.9722861647605896,0.6543236374855042,0.9597368836402893,0.9794381856918335,0.9596452116966248,0.9048773050308228,0.8388855457305908,0.7046083807945251,0.7362212538719177,0.8897497653961182,0.9405955076217651
Mammoth Cave is located in,The longest known cave system is located in ,Mammoth Cave,The longest known cave system, Kentucky,5.163280729902908e-05,0.00010728945198934525,0.0001459407212678343,0.00047443085350096226,0.00021016417304053903,0.000297743798000738,0.0008981345454230905,0.0023858281783759594,0.001762299332767725,0.0003020801814273,0.003066949313506484,0.003579668002203107,0.0028900965116918087,0.0010840916074812412,0.0014856287743896246,0.0008121561259031296,0.01583748869597912,0.04013277590274811,0.07799046486616135,0.41023778915405273,0.15046733617782593,0.34902963042259216,0.2240944802761078,0.6160422563552856,0.9342525601387024,0.4771053194999695,0.785895586013794,0.6539627313613892,0.7035939693450928,0.4585851728916168,0.1811452955007553,0.1429826319217682,0.0011918419040739536,0.04490518197417259
The blue whale is a,The largest animal to exist is a,blue whale,largest animal to exist, mammal,3.263535063524614e-06,1.4309585822047666e-05,7.90858393884264e-05,0.00010645870497683063,0.0001639655965846032,2.5174773327307776e-05,5.9168181905988604e-05,5.300761131366016e-06,6.4231626311084256e-06,3.4021743431367213e-06,2.280221224282286e-06,7.298512173292693e-06,2.5101457140408456e-05,3.21307779813651e-05,5.6023767683655024e-05,3.797708632191643e-05,0.00014138530241325498,0.000523087743204087,0.0011253069387748837,0.0006995321018621325,0.0013638056116178632,0.00707923574373126,0.0022246595472097397,0.005137023515999317,0.003013218054547906,0.0018034164095297456,0.004467448685318232,0.0023459468502551317,0.01641170121729374,0.021087950095534325,0.035996098071336746,0.01517061609774828,0.00043574036681093276,0.015307711437344551
Jupiter is the largest planet in the solar,The fifth planet from the sun is the largest planet in the solar,Jupiter,The fifth planet from the sun, system,0.012409728951752186,0.23320552706718445,0.010158753022551537,0.07243822515010834,0.8882407546043396,0.8188636302947998,0.8894128203392029,0.857521653175354,0.6858931183815002,0.8579633831977844,0.6044513583183289,0.5059435367584229,0.6157003045082092,0.5467944145202637,0.6254056692123413,0.5021942257881165,0.7734283208847046,0.8123862743377686,0.8724877834320068,0.8626269698143005,0.923285186290741,0.9510332942008972,0.9723474979400635,0.9797734618186951,0.994314968585968,0.997835099697113,0.9970173835754395,0.996487021446228,0.9972708821296692,0.9774460196495056,0.9835097193717957,0.9995003938674927,0.9996523857116699,0.9998921155929565
