model,ds,tau,chooser,pick,causal_best,nL,gain_pct,P_at_pick,P_obs,KL_at_pick,top1keep,eff,null
GPT-2,hand,1.0,oracle(argmaxE),10,10,12,99.99999999999999,0.13204673,0.08432417746268096,0.498673,0.528302,0.09569909046072084,False
GPT-2,hand,1.0,heuristic(last),11,10,12,97.59650324843156,0.13089972,0.08432417746268096,0.603381,0.5,0.07719093331960906,False
GPT-2,hand,1.0,lens:logit,10,10,12,99.99999999999999,0.13204673,0.08432417746268096,0.498673,0.528302,0.09569909046072084,False
GPT-2,hand,1.0,lens:is_r64,11,10,12,97.59650324843156,0.13089972,0.08432417746268096,0.603381,0.5,0.07719093331960906,False
GPT-2,hand,1.0,lens:topk_r64,11,10,12,97.59650324843156,0.13089972,0.08432417746268096,0.603381,0.5,0.07719093331960906,False
GPT-2,hand,1.0,lens:tuned,11,10,12,97.59650324843156,0.13089972,0.08432417746268096,0.603381,0.5,0.07719093331960906,False
GPT-2,hand,2.0,oracle(argmaxE),10,10,12,100.0,0.12066088,0.08432417746268096,1.337815,0.311321,0.027161231214569304,False
GPT-2,hand,2.0,heuristic(last),11,10,12,83.66285439934144,0.1147245,0.08432417746268096,1.555571,0.311321,0.01954287045549128,False
GPT-2,hand,2.0,lens:logit,10,10,12,100.0,0.12066088,0.08432417746268096,1.337815,0.311321,0.027161231214569304,False
GPT-2,hand,2.0,lens:is_r64,11,10,12,83.66285439934144,0.1147245,0.08432417746268096,1.555571,0.311321,0.01954287045549128,False
GPT-2,hand,2.0,lens:topk_r64,11,10,12,83.66285439934144,0.1147245,0.08432417746268096,1.555571,0.311321,0.01954287045549128,False
GPT-2,hand,2.0,lens:tuned,11,10,12,83.66285439934144,0.1147245,0.08432417746268096,1.555571,0.311321,0.01954287045549128,False
GPT-2,hand,4.0,oracle(argmaxE),0,0,12,,0.07621054,0.08432417746268096,0.159006,0.839623,-0.05102724087569632,True
GPT-2,hand,4.0,heuristic(last),11,0,12,,0.05792661,0.08432417746268096,3.044697,0.188679,-0.008670014606603205,True
GPT-2,hand,4.0,lens:logit,10,0,12,,0.06629702,0.08432417746268096,2.728272,0.216981,-0.006607536734856702,True
GPT-2,hand,4.0,lens:is_r64,11,0,12,,0.05792661,0.08432417746268096,3.044697,0.188679,-0.008670014606603205,True
GPT-2,hand,4.0,lens:topk_r64,11,0,12,,0.05792661,0.08432417746268096,3.044697,0.188679,-0.008670014606603205,True
GPT-2,hand,4.0,lens:tuned,11,0,12,,0.05792661,0.08432417746268096,3.044697,0.188679,-0.008670014606603205,True
GPT-2,2wmh,1.0,oracle(argmaxE),1,1,12,100.0,0.00076533,0.0007368326574266156,0.006261,0.893333,0.0045515640589976715,False
GPT-2,2wmh,1.0,heuristic(last),11,1,12,-410.92483316667455,0.00061973,0.0007368326574266156,0.199769,0.41,-0.0005861903369722812,False
GPT-2,2wmh,1.0,lens:logit,10,1,12,-402.4328132747557,0.00062215,0.0007368326574266156,0.187183,0.423333,-0.0006126766716347938,False
GPT-2,2wmh,1.0,lens:is_r64,8,1,12,-427.03159816828855,0.00061514,0.0007368326574266156,0.153359,0.48,-0.0007935149383252082,False
GPT-2,2wmh,1.0,lens:topk_r64,8,1,12,-427.03159816828855,0.00061514,0.0007368326574266156,0.153359,0.48,-0.0007935149383252082,False
GPT-2,2wmh,1.0,lens:tuned,5,1,12,-499.52958617119737,0.00059448,0.0007368326574266156,0.080066,0.656667,-0.0017779414161643598,False
GPT-2,2wmh,2.0,oracle(argmaxE),0,0,12,100.0,0.00077561,0.0007368326574266156,0.006478,0.906667,0.0059860053370460655,False
GPT-2,2wmh,2.0,heuristic(last),11,0,12,-235.55677456172685,0.00064549,0.0007368326574266156,0.614754,0.236667,-0.0001485840798540809,False
GPT-2,2wmh,2.0,lens:logit,10,0,12,-253.42803530344793,0.00063856,0.0007368326574266156,0.571918,0.253333,-0.00017182997812031721,False
GPT-2,2wmh,2.0,lens:is_r64,8,0,12,-439.6708131919193,0.00056634,0.0007368326574266156,0.440211,0.273333,-0.0003872975855365168,False
GPT-2,2wmh,2.0,lens:topk_r64,8,0,12,-439.6708131919193,0.00056634,0.0007368326574266156,0.440211,0.273333,-0.0003872975855365168,False
GPT-2,2wmh,2.0,lens:tuned,5,0,12,-350.85606283912307,0.00060078,0.0007368326574266156,0.227065,0.46,-0.0005991793425962419,False
GPT-2,2wmh,4.0,oracle(argmaxE),0,0,12,100.0,0.00085899,0.0007368326574266156,0.096573,0.713333,0.0012649223134145607,False
GPT-2,2wmh,4.0,heuristic(last),11,0,12,-189.70014617615422,0.0005051,0.0007368326574266156,1.399405,0.153333,-0.00016559370405752133,False
GPT-2,2wmh,4.0,lens:logit,10,0,12,-114.53479134302954,0.00059692,0.0007368326574266156,1.34366,0.15,-0.0001041280215431103,False
GPT-2,2wmh,4.0,lens:is_r64,8,0,12,-229.1901997282118,0.00045686,0.0007368326574266156,0.984249,0.173333,-0.0002844530778559243,False
GPT-2,2wmh,4.0,lens:topk_r64,8,0,12,-229.1901997282118,0.00045686,0.0007368326574266156,0.984249,0.173333,-0.0002844530778559243,False
GPT-2,2wmh,4.0,lens:tuned,5,0,12,-115.5253171472997,0.00059571,0.0007368326574266156,0.639358,0.283333,-0.0002207255675640497,False
LLaMA-3-8B,hand,1.0,oracle(argmaxE),31,31,32,100.0,0.60470665,0.42986236181878296,1.075479,0.613208,0.16257340978412135,False
LLaMA-3-8B,hand,1.0,heuristic(last),31,31,32,100.0,0.60470665,0.42986236181878296,1.075479,0.613208,0.16257340978412135,False
LLaMA-3-8B,hand,1.0,lens:logit,29,31,32,98.83975048821875,0.60267802,0.42986236181878296,1.025226,0.622642,0.16856347593722465,False
LLaMA-3-8B,hand,1.0,lens:is_parity250,29,31,32,98.83975048821875,0.60267802,0.42986236181878296,1.025226,0.622642,0.16856347593722465,False
LLaMA-3-8B,hand,1.0,lens:topk_parity250,29,31,32,98.83975048821875,0.60267802,0.42986236181878296,1.025226,0.622642,0.16856347593722465,False
LLaMA-3-8B,hand,1.0,lens:tuned_parity250,27,31,32,97.27235584896141,0.59993752,0.42986236181878296,0.999195,0.622642,0.1702121789853002,False
LLaMA-3-8B,hand,2.0,oracle(argmaxE),17,17,32,100.0,0.54660538,0.42986236181878296,1.349116,0.632075,0.08653297283644777,False
LLaMA-3-8B,hand,2.0,heuristic(last),31,17,32,22.369378989910906,0.45597705,0.42986236181878296,2.49009,0.528302,0.010487447514434032,False
LLaMA-3-8B,hand,2.0,lens:logit,29,17,32,65.6916613738498,0.50655279,0.42986236181878296,1.919567,0.556604,0.039951941339488026,False
LLaMA-3-8B,hand,2.0,lens:is_parity250,29,17,32,65.6916613738498,0.50655279,0.42986236181878296,1.919567,0.556604,0.039951941339488026,False
LLaMA-3-8B,hand,2.0,lens:topk_parity250,29,17,32,65.6916613738498,0.50655279,0.42986236181878296,1.919567,0.556604,0.039951941339488026,False
LLaMA-3-8B,hand,2.0,lens:tuned_parity250,27,17,32,71.43194469391746,0.51325417,0.42986236181878296,1.808292,0.566038,0.04611633971793106,False
LLaMA-3-8B,hand,4.0,oracle(argmaxE),0,0,32,100.0,0.43124692,0.42986236181878296,0.030587,0.981132,0.0452662301375428,False
LLaMA-3-8B,hand,4.0,heuristic(last),31,0,32,-15884.277367489743,0.2099353,0.42986236181878296,5.980696,0.311321,-0.03677282072500976,False
LLaMA-3-8B,hand,4.0,lens:logit,29,0,32,-11682.011923587808,0.26811811,0.42986236181878296,4.897613,0.358491,-0.033025118934220186,False
LLaMA-3-8B,hand,4.0,lens:is_parity250,29,0,32,-11682.011923587808,0.26811811,0.42986236181878296,4.897613,0.358491,-0.033025118934220186,False
LLaMA-3-8B,hand,4.0,lens:topk_parity250,29,0,32,-11682.011923587808,0.26811811,0.42986236181878296,4.897613,0.358491,-0.033025118934220186,False
LLaMA-3-8B,hand,4.0,lens:tuned_parity250,27,0,32,-10585.285891702848,0.28330292,0.42986236181878296,4.432204,0.396226,-0.033066944079916664,False
LLaMA-3-8B,2wmh,1.0,oracle(argmaxE),31,31,32,99.99999999999999,0.05630198,0.012545985607050994,1.294925,0.555,0.03379036962986196,False
LLaMA-3-8B,2wmh,1.0,heuristic(last),31,31,32,99.99999999999999,0.05630198,0.012545985607050994,1.294925,0.555,0.03379036962986196,False
LLaMA-3-8B,2wmh,1.0,lens:logit,31,31,32,99.99999999999999,0.05630198,0.012545985607050994,1.294925,0.555,0.03379036962986196,False
LLaMA-3-8B,2wmh,1.0,lens:is_parity250,19,31,32,79.63808131067015,0.04739242,0.012545985607050994,1.148601,0.59,0.03033815432247491,False
LLaMA-3-8B,2wmh,1.0,lens:topk_parity250,31,31,32,99.99999999999999,0.05630198,0.012545985607050994,1.294925,0.555,0.03379036962986196,False
LLaMA-3-8B,2wmh,1.0,lens:tuned_parity250,22,31,32,94.99695977574957,0.05411285,0.012545985607050994,1.175845,0.575,0.035350632432802793,False
LLaMA-3-8B,2wmh,2.0,oracle(argmaxE),19,19,32,100.0,0.07186311,0.012545985607050994,2.478623,0.35,0.023931483082723352,False
LLaMA-3-8B,2wmh,2.0,heuristic(last),31,19,32,82.25847913616839,0.06133935,0.012545985607050994,3.821047,0.235,0.012769632091138634,False
LLaMA-3-8B,2wmh,2.0,lens:logit,31,19,32,82.25847913616839,0.06133935,0.012545985607050994,3.821047,0.235,0.012769632091138634,False
LLaMA-3-8B,2wmh,2.0,lens:is_parity250,19,19,32,100.0,0.07186311,0.012545985607050994,2.478623,0.35,0.023931483082723352,False
LLaMA-3-8B,2wmh,2.0,lens:topk_parity250,31,19,32,82.25847913616839,0.06133935,0.012545985607050994,3.821047,0.235,0.012769632091138634,False
LLaMA-3-8B,2wmh,2.0,lens:tuned_parity250,22,19,32,77.13348356176836,0.05829935,0.012545985607050994,2.630136,0.295,0.017395816943667174,False
LLaMA-3-8B,2wmh,4.0,oracle(argmaxE),17,17,32,100.0,0.08283557,0.012545985607050994,3.902692,0.115,0.018010538467537026,False
LLaMA-3-8B,2wmh,4.0,heuristic(last),31,17,32,34.20257012554,0.03658683,0.012545985607050994,7.406165,0.05,0.0032460584381996628,False
LLaMA-3-8B,2wmh,4.0,lens:logit,31,17,32,34.20257012554,0.03658683,0.012545985607050994,7.406165,0.05,0.0032460584381996628,False
LLaMA-3-8B,2wmh,4.0,lens:is_parity250,19,17,32,60.795343665790234,0.05527878,0.012545985607050994,4.406457,0.17,0.009697767252227586,False
LLaMA-3-8B,2wmh,4.0,lens:topk_parity250,31,17,32,34.20257012554,0.03658683,0.012545985607050994,7.406165,0.05,0.0032460584381996628,False
LLaMA-3-8B,2wmh,4.0,lens:tuned_parity250,22,17,32,58.74809866864332,0.05383978,0.012545985607050994,5.093531,0.12,0.008107105737247699,False
LLaMA-3-70B,hand,1.0,oracle(argmaxE),79,79,80,100.0,0.60126983,0.4773231930783769,0.714555,0.773585,0.17345989730898687,False
LLaMA-3-70B,hand,1.0,heuristic(last),79,79,80,100.0,0.60126983,0.4773231930783769,0.714555,0.773585,0.17345989730898687,False
LLaMA-3-70B,hand,1.0,lens:logit,79,79,80,100.0,0.60126983,0.4773231930783769,0.714555,0.773585,0.17345989730898687,False
LLaMA-3-70B,hand,1.0,lens:is_r64,79,79,80,100.0,0.60126983,0.4773231930783769,0.714555,0.773585,0.17345989730898687,False
LLaMA-3-70B,hand,2.0,oracle(argmaxE),55,55,80,100.0,0.5827655,0.4773231930783769,1.086735,0.726415,0.09702669640862138,False
LLaMA-3-70B,hand,2.0,heuristic(last),79,55,80,25.153553346796205,0.50384568,0.4773231930783769,1.904665,0.622642,0.013925014068942868,False
LLaMA-3-70B,hand,2.0,lens:logit,79,55,80,25.153553346796205,0.50384568,0.4773231930783769,1.904665,0.622642,0.013925014068942868,False
LLaMA-3-70B,hand,2.0,lens:is_r64,79,55,80,25.153553346796205,0.50384568,0.4773231930783769,1.904665,0.622642,0.013925014068942868,False
LLaMA-3-70B,2wmh,1.0,oracle(argmaxE),79,79,80,99.99999999999999,0.11222689,0.028901108301621115,1.693548,0.53,0.04920190139185832,False
LLaMA-3-70B,2wmh,1.0,heuristic(last),79,79,80,99.99999999999999,0.11222689,0.028901108301621115,1.693548,0.53,0.04920190139185832,False
LLaMA-3-70B,2wmh,1.0,lens:logit,79,79,80,99.99999999999999,0.11222689,0.028901108301621115,1.693548,0.53,0.04920190139185832,False
LLaMA-3-70B,2wmh,1.0,lens:is_r64,78,79,80,99.89201421436921,0.11213691,0.028901108301621115,1.692851,0.53,0.04916900642666064,False
LLaMA-3-70B,2wmh,2.0,oracle(argmaxE),78,78,80,100.0,0.1462197,0.028901108301621115,4.022273,0.31,0.029167237454637934,False
LLaMA-3-70B,2wmh,2.0,heuristic(last),79,78,80,94.83917262187552,0.14016509,0.028901108301621115,4.319587,0.29,0.025758013832891634,False
LLaMA-3-70B,2wmh,2.0,lens:logit,79,78,80,94.83917262187552,0.14016509,0.028901108301621115,4.319587,0.29,0.025758013832891634,False
LLaMA-3-70B,2wmh,2.0,lens:is_r64,78,78,80,100.0,0.1462197,0.028901108301621115,4.022273,0.31,0.029167237454637934,False
LLaMA-3-70B,2wmh,4.0,oracle(argmaxE),77,77,80,100.0,0.09034033,0.028901108301621115,6.54333,0.14,0.00938959546566945,False
LLaMA-3-70B,2wmh,4.0,heuristic(last),79,77,80,66.28482681357508,0.06962599,0.028901108301621115,6.884895,0.05,0.005915105705806535,False
LLaMA-3-70B,2wmh,4.0,lens:logit,79,77,80,66.28482681357508,0.06962599,0.028901108301621115,6.884895,0.05,0.005915105705806535,False
LLaMA-3-70B,2wmh,4.0,lens:is_r64,78,77,80,82.20031162880349,0.07940434,0.028901108301621115,6.536776,0.15,0.0077260153473790285,False
