lens,seed,top_head,top1_share,top5_share,top5_set
is,0,L23.H24,12.4,35.2,L21.H21;L23.H22;L23.H24;L30.H2;L31.H3
is,1,L23.H24,13.3,31.8,L21.H21;L23.H24;L29.H31;L30.H2;L31.H3
is,2,L23.H24,13.5,31.3,L21.H21;L23.H22;L23.H24;L30.H2;L31.H3
topk,0,L23.H24,7.6,19.9,L21.H21;L23.H22;L23.H24;L23.H25;L29.H31
topk,1,L23.H24,6.9,17.6,L21.H21;L23.H22;L23.H24;L29.H31;L31.H3
topk,2,L23.H24,4.2,11.2,L21.H21;L23.H22;L23.H24;L29.H31;L31.H3
tuned,0,L23.H24,7.0,18.6,L18.H12;L21.H21;L23.H22;L23.H24;L29.H31
tuned,1,L23.H24,7.0,18.4,L18.H12;L21.H21;L23.H22;L23.H24;L29.H31
tuned,2,L23.H24,6.6,17.7,L18.H12;L21.H21;L23.H22;L23.H24;L29.H31
