model,checkpoint_step,total_tokens,layer,state_key,hidden_size,num_singular_values,top_singular_value,frobenius_norm,frobenius_energy,nuclear_norm,stable_rank,svd_seconds,effective_rank_rel_0.001,rank_for_variance_0.9,rank_for_variance_0.95,rank_for_variance_0.99,rank_for_variance_0.999,frobenius_energy_fraction_at_rank_1,frobenius_residual_fraction_at_rank_1,relative_frobenius_error_at_rank_1,variance_at_rank_1,frobenius_energy_fraction_at_rank_4,frobenius_residual_fraction_at_rank_4,relative_frobenius_error_at_rank_4,variance_at_rank_4,frobenius_energy_fraction_at_rank_8,frobenius_residual_fraction_at_rank_8,relative_frobenius_error_at_rank_8,variance_at_rank_8,frobenius_energy_fraction_at_rank_16,frobenius_residual_fraction_at_rank_16,relative_frobenius_error_at_rank_16,variance_at_rank_16,frobenius_energy_fraction_at_rank_32,frobenius_residual_fraction_at_rank_32,relative_frobenius_error_at_rank_32,variance_at_rank_32,frobenius_energy_fraction_at_rank_64,frobenius_residual_fraction_at_rank_64,relative_frobenius_error_at_rank_64,variance_at_rank_64,frobenius_energy_fraction_at_rank_96,frobenius_residual_fraction_at_rank_96,relative_frobenius_error_at_rank_96,variance_at_rank_96,frobenius_energy_fraction_at_rank_128,frobenius_residual_fraction_at_rank_128,relative_frobenius_error_at_rank_128,variance_at_rank_128,frobenius_energy_fraction_at_rank_256,frobenius_residual_fraction_at_rank_256,relative_frobenius_error_at_rank_256,variance_at_rank_256,frobenius_energy_fraction_at_rank_384,frobenius_residual_fraction_at_rank_384,relative_frobenius_error_at_rank_384,variance_at_rank_384,bias_norm
gpt2,250,65536000,0,translators.0.weight,768,768,13.228529930114746,26.603222461057232,707.7314453125,434.88470458984375,4.04431825481159,0.37615049409214407,748,190,287,464,615,0.2472604662179947,0.7527395337820053,0.867605632636168,0.2472604662179947,0.3477378189563751,0.6522621810436249,0.8076275014161076,0.3477378189563751,0.42213284969329834,0.5778671503067017,0.7601757364627614,0.42213284969329834,0.5184502601623535,0.4815497398376465,0.6939378501261093,0.5184502601623535,0.6260299682617188,0.37397003173828125,0.611530891892046,0.6260299682617188,0.740829586982727,0.25917041301727295,0.5090878244637883,0.740829586982727,0.805212676525116,0.19478732347488403,0.4413471688760267,0.805212676525116,0.8471784591674805,0.15282154083251953,0.39092395786459483,0.8471784591674805,0.9374255537986755,0.06257444620132446,0.25014884809114046,0.9374255537986755,0.9777454733848572,0.022254526615142822,0.14917951137854965,0.9777454733848572,1.0065367221832275
gpt2,250,65536000,1,translators.1.weight,768,768,5.63313627243042,14.93702090464693,223.11459350585938,263.09698486328125,7.031167801262187,0.06924059998709708,750,209,286,444,601,0.14222387969493866,0.8577761203050613,0.926162037823329,0.14222387969493866,0.2272174209356308,0.7727825790643692,0.8790805304773671,0.2272174209356308,0.2983461022377014,0.7016538977622986,0.8376478363622141,0.2983461022377014,0.39067837595939636,0.6093216240406036,0.7805905610757816,0.39067837595939636,0.5045695900917053,0.4954304099082947,0.7038681765133971,0.5045695900917053,0.6446338295936584,0.35536617040634155,0.596125968572366,0.6446338295936584,0.7348486185073853,0.26515138149261475,0.5149285207605175,0.7348486185073853,0.7998954653739929,0.20010453462600708,0.4473304534971961,0.7998954653739929,0.9342899918556213,0.06571000814437866,0.25633963436109264,0.9342899918556213,0.9808993339538574,0.019100666046142578,0.13820515926021928,0.9808993339538574,0.4066427946090698
gpt2,250,65536000,2,translators.2.weight,768,768,5.698726177215576,14.781712982475646,218.49903869628906,257.1715393066406,6.728123445989815,0.0674853230593726,749,201,277,437,597,0.14862984418869019,0.8513701558113098,0.9226972178408851,0.14862984418869019,0.22515538334846497,0.774844616651535,0.8802525868473975,0.22515538334846497,0.29238757491111755,0.7076124250888824,0.8411970191868742,0.29238757491111755,0.3905285596847534,0.6094714403152466,0.7806865185945294,0.3905285596847534,0.5121113061904907,0.4878886938095093,0.698490296145558,0.5121113061904907,0.6562912464141846,0.34370875358581543,0.5862667938625004,0.6562912464141846,0.746453583240509,0.25354641675949097,0.503533928111593,0.746453583240509,0.8102168440818787,0.18978315591812134,0.43564108612264907,0.8102168440818787,0.939454972743988,0.06054502725601196,0.24605899141468487,0.939454972743988,0.9824013113975525,0.01759868860244751,0.13266004900665276,0.9824013113975525,0.3771040439605713
gpt2,250,65536000,3,translators.3.weight,768,768,5.748787879943848,14.343661172961614,205.74061584472656,251.67770385742188,6.225402947735596,0.05329593096394092,752,206,283,443,602,0.1606321632862091,0.8393678367137909,0.9161702007344437,0.1606321632862091,0.22748447954654694,0.7725155204534531,0.8789286207954847,0.22748447954654694,0.2886069715023041,0.7113930284976959,0.8434411825952631,0.2886069715023041,0.380897581577301,0.619102418422699,0.7868306160938954,0.380897581577301,0.502423107624054,0.49757689237594604,0.7053913044374349,0.502423107624054,0.6472195982933044,0.35278040170669556,0.5939531982460365,0.6472195982933044,0.7388197183609009,0.2611802816390991,0.5110580022258717,0.7388197183609009,0.8039935827255249,0.1960064172744751,0.4427261199370047,0.8039935827255249,0.936339259147644,0.06366074085235596,0.2523108020920943,0.936339259147644,0.9811967611312866,0.01880323886871338,0.1371249024383003,0.9811967611312866,0.39452847838401794
gpt2,250,65536000,4,translators.4.weight,768,768,5.969013214111328,14.230054314751621,202.49444580078125,249.94752502441406,5.683397538409281,0.05588373902719468,750,209,289,451,607,0.17595109343528748,0.8240489065647125,0.9077713955422436,0.17595109343528748,0.24508193135261536,0.7549180686473846,0.8688602123744559,0.24508193135261536,0.3059413433074951,0.6940586566925049,0.833101828525484,0.3059413433074951,0.3932560384273529,0.6067439615726471,0.778937713538539,0.3932560384273529,0.5111615657806396,0.48883843421936035,0.6991698178692787,0.5111615657806396,0.6486268043518066,0.35137319564819336,0.592767404340179,0.6486268043518066,0.7370237708091736,0.2629762291908264,0.5128120798019743,0.7370237708091736,0.8006892204284668,0.1993107795715332,0.44644235862150583,0.8006892204284668,0.9335739016532898,0.0664260983467102,0.2577326101732379,0.9335739016532898,0.9797858595848083,0.02021414041519165,0.14217644113984443,0.9797858595848083,0.41922223567962646
gpt2,250,65536000,5,translators.5.weight,768,768,6.058328151702881,13.79919953167008,190.41790771484375,243.3385467529297,5.188026695866021,0.05381819896865636,751,213,293,455,610,0.19275151193141937,0.8072484880685806,0.898470081899548,0.19275151193141937,0.25281086564064026,0.7471891343593597,0.8644010263525603,0.25281086564064026,0.3090200424194336,0.6909799575805664,0.8312520421512156,0.3090200424194336,0.3932010531425476,0.6067989468574524,0.7789730077848991,0.3932010531425476,0.506422221660614,0.493577778339386,0.7025509080055238,0.506422221660614,0.6418845653533936,0.35811543464660645,0.5984274681585117,0.6418845653533936,0.7309356927871704,0.2690643072128296,0.5187140900465589,0.7309356927871704,0.7953919172286987,0.20460808277130127,0.4523362496763898,0.7953919172286987,0.9311637878417969,0.06883621215820312,0.26236656067075914,0.9311637878417969,0.9788234233856201,0.021176576614379883,0.14552173931883813,0.9788234233856201,0.386761873960495
gpt2,250,65536000,6,translators.6.weight,768,768,6.10261344909668,14.435230687791783,208.37588500976562,261.6053771972656,5.595201530405469,0.053576415986754,753,228,309,469,618,0.17872457206249237,0.8212754279375076,0.9062424774515414,0.17872457206249237,0.22735993564128876,0.7726400643587112,0.8789994677806757,0.22735993564128876,0.2772577702999115,0.7227422297000885,0.8501424761180261,0.2772577702999115,0.3606433570384979,0.6393566429615021,0.79959780074829,0.3606433570384979,0.4800337553024292,0.5199662446975708,0.7210868496218543,0.4800337553024292,0.6239023208618164,0.3760976791381836,0.6132680320530197,0.6239023208618164,0.7138586044311523,0.28614139556884766,0.5349218593111031,0.7138586044311523,0.7790047526359558,0.2209952473640442,0.4701013160628719,0.7790047526359558,0.9212784767150879,0.07872152328491211,0.2805735612721058,0.9212784767150879,0.975091814994812,0.02490818500518799,0.1578232714310155,0.975091814994812,0.38392412662506104
gpt2,250,65536000,7,translators.7.weight,768,768,6.151817321777344,13.823088992936443,191.07778930664062,251.91514587402344,5.048976470841501,0.05386794207151979,753,234,317,477,623,0.19805994629859924,0.8019400537014008,0.8955110572747836,0.19805994629859924,0.23938368260860443,0.7606163173913956,0.8721331993402129,0.23938368260860443,0.28412947058677673,0.7158705294132233,0.8460913245112629,0.28412947058677673,0.35991230607032776,0.6400876939296722,0.8000548068286774,0.35991230607032776,0.47456780076026917,0.5254321992397308,0.7248670217631168,0.47456780076026917,0.6169816255569458,0.3830183744430542,0.6188847828498082,0.6169816255569458,0.7066366672515869,0.2933633327484131,0.5416302546464822,0.7066366672515869,0.7721394896507263,0.22786051034927368,0.47734736864182425,0.7721394896507263,0.9167900085449219,0.08320999145507812,0.2884614210862141,0.9167900085449219,0.9731732606887817,0.02682673931121826,0.1637887032466472,0.9731732606887817,0.3596572279930115
gpt2,250,65536000,8,translators.8.weight,768,768,5.838164806365967,11.974573536329096,143.39041137695312,220.8321075439453,4.206950572723545,0.05368031095713377,753,250,333,491,632,0.23770186305046082,0.7622981369495392,0.8730968657311393,0.23770186305046082,0.2797759473323822,0.7202240526676178,0.8486601514549966,0.2797759473323822,0.32008031010627747,0.6799196898937225,0.8245724285311282,0.32008031010627747,0.37987759709358215,0.6201224029064178,0.7874785094886195,0.37987759709358215,0.4675252437591553,0.5324747562408447,0.7297086790225568,0.4675252437591553,0.5912177562713623,0.4087822437286377,0.6393608087212085,0.5912177562713623,0.6803873777389526,0.31961262226104736,0.565342924481281,0.6803873777389526,0.7486146688461304,0.25138533115386963,0.5013834173104149,0.7486146688461304,0.9053432941436768,0.09465670585632324,0.30766329949528143,0.9053432941436768,0.9687309265136719,0.031269073486328125,0.17683063503343566,0.9687309265136719,0.3680948317050934
gpt2,250,65536000,9,translators.9.weight,768,768,5.776272773742676,11.000641544013822,121.01411437988281,197.58290100097656,3.626942238917971,0.053322952007874846,751,241,325,485,629,0.27571433782577515,0.7242856621742249,0.851049741304364,0.27571433782577515,0.3212737441062927,0.6787262558937073,0.8238484423082363,0.3212737441062927,0.35969457030296326,0.6403054296970367,0.8001908707908613,0.35969457030296326,0.4158584177494049,0.5841415822505951,0.7642915557891472,0.4158584177494049,0.49640482664108276,0.5035951733589172,0.7096443992302887,0.49640482664108276,0.6130325198173523,0.3869674801826477,0.6220671026365626,0.6130325198173523,0.6982094049453735,0.30179059505462646,0.5493547078660803,0.6982094049453735,0.7630957365036011,0.23690426349639893,0.48672812071668814,0.7630957365036011,0.9118347764015198,0.08816522359848022,0.29692629320839914,0.9118347764015198,0.9709541201591492,0.02904587984085083,0.17042851827335362,0.9709541201591492,0.3939875364303589
gpt2,250,65536000,10,translators.10.weight,768,768,5.458637714385986,9.289398828935452,86.29293060302734,154.0973358154297,2.896054132953128,0.05382822803221643,745,209,293,459,615,0.3452974259853363,0.6547025740146637,0.8091369315602049,0.3452974259853363,0.4085123836994171,0.5914876163005829,0.7690823208867714,0.4085123836994171,0.4511460065841675,0.5488539934158325,0.7408468083320819,0.4511460065841675,0.5030860304832458,0.49691396951675415,0.7049212505782146,0.5030860304832458,0.5747425556182861,0.42525744438171387,0.6521176614551348,0.5747425556182861,0.67914879322052,0.32085120677948,0.5664372928925848,0.67914879322052,0.7537956237792969,0.24620437622070312,0.4961898590466185,0.7537956237792969,0.8096913695335388,0.19030863046646118,0.4362437741291687,0.8096913695335388,0.932098925113678,0.06790107488632202,0.2605783469253,0.932098925113678,0.9781679511070251,0.021832048892974854,0.1477567219891361,0.9781679511070251,0.3775724470615387
gpt2,250,65536000,11,translators.11.weight,768,768,4.586430549621582,7.131967985499613,50.864967346191406,111.87220001220703,2.418071436204918,0.05338856403250247,741,191,274,443,605,0.4135527014732361,0.5864472985267639,0.7657984712225299,0.4135527014732361,0.47033679485321045,0.5296632051467896,0.7277796405140704,0.47033679485321045,0.509860634803772,0.490139365196228,0.7000995394915126,0.509860634803772,0.5570953488349915,0.44290465116500854,0.6655108197204674,0.5570953488349915,0.6215936541557312,0.3784063458442688,0.6151474179774055,0.6215936541557312,0.714345395565033,0.28565460443496704,0.5344666541843065,0.714345395565033,0.7819860577583313,0.2180139422416687,0.4669196314588504,0.7819860577583313,0.8325254321098328,0.16747456789016724,0.4092365671468854,0.8325254321098328,0.9418945908546448,0.058105409145355225,0.24105063606088084,0.9418945908546448,0.9815816879272461,0.018418312072753906,0.1357140820723992,0.9815816879272461,0.2504735291004181
gpt2,500,131072000,0,translators.0.weight,768,768,14.03821086883545,33.05686167069743,1092.756103515625,579.994873046875,5.544976596951629,0.05351836699992418,751,219,312,480,623,0.1803434193134308,0.8196565806865692,0.905348872361682,0.1803434193134308,0.27370399236679077,0.7262960076332092,0.8522300203778375,0.27370399236679077,0.3443984389305115,0.6556015610694885,0.8096922631898421,0.3443984389305115,0.43630343675613403,0.563696563243866,0.7507972850536062,0.43630343675613403,0.5497512221336365,0.4502487778663635,0.6710057957025137,0.5497512221336365,0.6807292103767395,0.3192707896232605,0.5650405203374892,0.6807292103767395,0.7585717439651489,0.24142825603485107,0.49135349396829475,0.7585717439651489,0.8109582662582397,0.18904173374176025,0.43478929809939004,0.8109582662582397,0.9234043955802917,0.07659560441970825,0.27675910900945655,0.9234043955802917,0.9730008244514465,0.026999175548553467,0.16431425850653822,0.9730008244514465,1.2055423259735107
gpt2,500,131072000,1,translators.1.weight,768,768,7.6162428855896,19.869655058371595,394.8031921386719,358.964599609375,6.8061118913147896,0.053746043937280774,750,228,309,466,615,0.14692676067352295,0.853073239326477,0.923619639963593,0.14692676067352295,0.2288925051689148,0.7711074948310852,0.8781272657371967,0.2288925051689148,0.29914557933807373,0.7008544206619263,0.837170484824881,0.29914557933807373,0.38816365599632263,0.6118363440036774,0.7821996829478246,0.38816365599632263,0.49859413504600525,0.5014058649539948,0.7081001800268057,0.49859413504600525,0.6310336589813232,0.36896634101867676,0.6074259963309743,0.6310336589813232,0.7167148590087891,0.28328514099121094,0.5322453766743408,0.7167148590087891,0.7799081802368164,0.2200918197631836,0.46913944596802304,0.7799081802368164,0.9209250807762146,0.0790749192237854,0.2812026301864643,0.9209250807762146,0.9756245017051697,0.024375498294830322,0.15612654577242885,0.9756245017051697,0.532697856426239
gpt2,500,131072000,2,translators.2.weight,768,768,7.609401702880859,19.6945788055031,387.8764343261719,354.6535339355469,6.6987284367129885,0.0549566310364753,751,224,305,462,612,0.1492820680141449,0.8507179319858551,0.9223437168354621,0.1492820680141449,0.2165835201740265,0.7834164798259735,0.885108174081549,0.2165835201740265,0.2799328565597534,0.7200671434402466,0.848567701153094,0.2799328565597534,0.3749869763851166,0.6250130236148834,0.7905776518564659,0.3749869763851166,0.4951130747795105,0.5048869252204895,0.7105539565863309,0.4951130747795105,0.6350768804550171,0.3649231195449829,0.6040886686116392,0.6350768804550171,0.7222203612327576,0.27777963876724243,0.5270480421813959,0.7222203612327576,0.7853101491928101,0.21468985080718994,0.46334636159917125,0.7853101491928101,0.9239363670349121,0.07606363296508789,0.27579636140654196,0.9239363670349121,0.9766753315925598,0.023324668407440186,0.15272415790385024,0.9766753315925598,0.5110132098197937
gpt2,500,131072000,3,translators.3.weight,768,768,7.575890064239502,19.012886094606582,361.4898376464844,347.29071044921875,6.298378631093419,0.05301735899411142,753,232,313,471,618,0.15877102315425873,0.8412289768457413,0.9171853557737069,0.15877102315425873,0.21629540622234344,0.7837045937776566,0.8852709154703189,0.21629540622234344,0.272708535194397,0.727291464805603,0.85281385120412,0.272708535194397,0.3600112199783325,0.6399887800216675,0.7999929874828076,0.3600112199783325,0.4782748818397522,0.5217251181602478,0.722305418891654,0.4782748818397522,0.6188625693321228,0.3811374306678772,0.617363289051007,0.6188625693321228,0.7084498405456543,0.2915501594543457,0.5399538493745051,0.7084498405456543,0.7737259268760681,0.22627407312393188,0.4756827441939973,0.7737259268760681,0.918329119682312,0.08167088031768799,0.28578117558315136,0.918329119682312,0.9743272662162781,0.025672733783721924,0.1602271318588769,0.9743272662162781,0.5377858281135559
gpt2,500,131072000,4,translators.4.weight,768,768,7.907482624053955,18.763666080884136,352.0751647949219,343.69207763671875,5.630654747453088,0.053103259997442365,753,238,321,480,624,0.177599236369133,0.822400763630867,0.9068631449291933,0.177599236369133,0.23735544085502625,0.7626445591449738,0.8732952302314343,0.23735544085502625,0.290656179189682,0.709343820810318,0.8422255165989202,0.290656179189682,0.37178194522857666,0.6282180547714233,0.7926020784551497,0.37178194522857666,0.4847976565361023,0.5152023434638977,0.7177759702469133,0.4847976565361023,0.6180387139320374,0.38196128606796265,0.6180301659854175,0.6180387139320374,0.7047003507614136,0.2952996492385864,0.5434148040296533,0.7047003507614136,0.7687646150588989,0.23123538494110107,0.48086940528702915,0.7687646150588989,0.9139293432235718,0.08607065677642822,0.2933780100423824,0.9139293432235718,0.9720486402511597,0.027951359748840332,0.16718660158290297,0.9720486402511597,0.5281931757926941
gpt2,500,131072000,5,translators.5.weight,768,768,7.908390045166016,18.14199179955382,329.1318664550781,334.5307922363281,5.262520141976115,0.053874886012636125,754,243,327,486,628,0.1900230199098587,0.8099769800901413,0.8999872110703248,0.1900230199098587,0.241987943649292,0.758012056350708,0.870638878267395,0.241987943649292,0.292050838470459,0.707949161529541,0.8413971485152187,0.292050838470459,0.3702155649662018,0.6297844350337982,0.7935895885366682,0.3702155649662018,0.4783543348312378,0.5216456651687622,0.7222504172160527,0.4783543348312378,0.6080912351608276,0.39190876483917236,0.6260261694523419,0.6080912351608276,0.6956013441085815,0.30439865589141846,0.5517233508665538,0.6956013441085815,0.7609337568283081,0.2390662431716919,0.48894400821739487,0.7609337568283081,0.9100874066352844,0.08991259336471558,0.2998542868873406,0.9100874066352844,0.9703490734100342,0.02965092658996582,0.17219444413210847,0.9703490734100342,0.5127010941505432
gpt2,500,131072000,6,translators.6.weight,768,768,7.918545246124268,18.748538354487465,351.5076904296875,352.2455139160156,5.605882955444856,0.05328818701673299,755,255,341,498,635,0.17838402092456818,0.8216159790754318,0.9064303498203443,0.17838402092456818,0.22108182311058044,0.7789181768894196,0.882563412389965,0.22108182311058044,0.26817378401756287,0.7318262159824371,0.8554684190444655,0.26817378401756287,0.34603798389434814,0.6539620161056519,0.8086791799630134,0.34603798389434814,0.4610288143157959,0.5389711856842041,0.7341465696195849,0.4610288143157959,0.6021261215209961,0.3978738784790039,0.6307724458780709,0.6021261215209961,0.6891717910766602,0.31082820892333984,0.5575196937538079,0.6891717910766602,0.7524464726448059,0.2475535273551941,0.49754751266104635,0.7524464726448059,0.9009464383125305,0.09905356168746948,0.31472775805046094,0.9009464383125305,0.9660360217094421,0.03396397829055786,0.18429318568671457,0.9660360217094421,0.5034875273704529
gpt2,500,131072000,7,translators.7.weight,768,768,7.839200973510742,17.62688030196176,310.7069091796875,333.2729797363281,5.056002890622877,0.053289397968910635,755,262,349,506,640,0.1977846920490265,0.8022153079509735,0.8956647296566799,0.1977846920490265,0.23433831334114075,0.7656616866588593,0.8750209635539363,0.23433831334114075,0.27487075328826904,0.725129246711731,0.851545211196523,0.27487075328826904,0.34484362602233887,0.6551563739776611,0.8094173052126209,0.34484362602233887,0.4541468024253845,0.5458531975746155,0.7388187853422621,0.4541468024253845,0.5930474996566772,0.40695250034332275,0.6379282877748272,0.5930474996566772,0.6796520352363586,0.32034796476364136,0.5659929016901549,0.6796520352363586,0.7433658838272095,0.2566341161727905,0.5065906791215079,0.7433658838272095,0.8954567909240723,0.10454320907592773,0.32333142296400413,0.8954567909240723,0.9633897542953491,0.03661024570465088,0.1913380404014081,0.9633897542953491,0.48794957995414734
gpt2,500,131072000,8,translators.8.weight,768,768,7.299763202667236,15.280245944934764,233.4859161376953,292.5041809082031,4.381705094816278,0.05416495900135487,755,278,364,518,647,0.22822165489196777,0.7717783451080322,0.8785091605145801,0.22822165489196777,0.2690387964248657,0.7309612035751343,0.8549626913352034,0.2690387964248657,0.30723440647125244,0.6927655935287476,0.8323254132421691,0.30723440647125244,0.3629124164581299,0.6370875835418701,0.7981776641461913,0.3629124164581299,0.44532692432403564,0.5546730756759644,0.7447637717262866,0.44532692432403564,0.5640457272529602,0.4359542727470398,0.6602683338969391,0.5640457272529602,0.6505890488624573,0.3494109511375427,0.5911099315165858,0.6505890488624573,0.717779278755188,0.282220721244812,0.5312445023196117,0.717779278755188,0.8830642700195312,0.11693572998046875,0.3419586670644111,0.8830642700195312,0.9584091305732727,0.041590869426727295,0.20393839615611203,0.9584091305732727,0.4838543236255646
gpt2,500,131072000,9,translators.9.weight,768,768,7.017482757568359,13.685610288002437,187.29592895507812,257.23870849609375,3.803344188845196,0.05309290997684002,754,273,359,514,646,0.26292648911476135,0.7370735108852386,0.858529854393683,0.26292648911476135,0.3057418465614319,0.6942581534385681,0.8332215512326647,0.3057418465614319,0.34043601155281067,0.6595639884471893,0.8121354495693371,0.34043601155281067,0.3905794620513916,0.6094205379486084,0.7806539168854585,0.3905794620513916,0.4654010236263275,0.5345989763736725,0.7311627564186188,0.4654010236263275,0.577019989490509,0.42298001050949097,0.6503691340381176,0.577019989490509,0.6601360440254211,0.33986395597457886,0.5829785210233555,0.6601360440254211,0.7259546518325806,0.27404534816741943,0.5234934079503002,0.7259546518325806,0.8871785402297974,0.11282145977020264,0.3358890587235652,0.8871785402297974,0.9600698351860046,0.03993016481399536,0.1998253357660018,0.9600698351860046,0.4560035765171051
gpt2,500,131072000,10,translators.10.weight,768,768,6.312367916107178,11.05306518296915,122.17024993896484,196.77737426757812,3.066061450585081,0.05335772701073438,752,252,339,500,638,0.3261513411998749,0.6738486588001251,0.8208828532745248,0.3261513411998749,0.37632033228874207,0.6236796677112579,0.7897339220973466,0.37632033228874207,0.4120359420776367,0.5879640579223633,0.7667881440935059,0.4120359420776367,0.4575652480125427,0.5424347519874573,0.7365016985638644,0.4575652480125427,0.5251213312149048,0.4748786687850952,0.6891144090679684,0.5251213312149048,0.6244022846221924,0.3755977153778076,0.6128602739432599,0.6244022846221924,0.6993986964225769,0.3006013035774231,0.5482711952833407,0.6993986964225769,0.7586275935173035,0.24137240648269653,0.4912966583264093,0.7586275935173035,0.9033908247947693,0.09660917520523071,0.31082016537739426,0.9033908247947693,0.9663322567939758,0.03366774320602417,0.18348771949649428,0.9663322567939758,0.4217967987060547
gpt2,500,131072000,11,translators.11.weight,768,768,5.657531261444092,8.545790804033796,73.0305404663086,136.77716064453125,2.281658219474219,0.05309842003043741,744,215,304,473,623,0.4382777214050293,0.5617222785949707,0.7494813397243261,0.4382777214050293,0.4968448281288147,0.5031551718711853,0.7093343160112764,0.4968448281288147,0.5322149395942688,0.4677850604057312,0.6839481416055835,0.5322149395942688,0.5718626976013184,0.42813730239868164,0.6543220173574184,0.5718626976013184,0.626795768737793,0.37320423126220703,0.6109044370948757,0.626795768737793,0.7059987783432007,0.2940012216567993,0.5422187950051154,0.7059987783432007,0.765716016292572,0.23428398370742798,0.48402890792537173,0.765716016292572,0.8130420446395874,0.1869579553604126,0.432386349646254,0.8130420446395874,0.9268709421157837,0.07312905788421631,0.2704238485862819,0.9268709421157837,0.9751735925674438,0.024826407432556152,0.15756397885480092,0.9751735925674438,0.3096955418586731
gpt2,750,196608000,0,translators.0.weight,768,768,13.729863166809082,36.95847278957154,1365.9287109375,683.930419921875,7.245954717357492,0.05381932097952813,754,244,334,493,629,0.13800804316997528,0.8619919568300247,0.9284352195118541,0.13800804316997528,0.22237960994243622,0.7776203900575638,0.8818278687235757,0.22237960994243622,0.286632239818573,0.713367760181427,0.8446110111651558,0.286632239818573,0.37026247382164,0.62973752617836,0.7935600331281559,0.37026247382164,0.4849044382572174,0.5150955617427826,0.7177015826531126,0.4849044382572174,0.6256200671195984,0.3743799328804016,0.6118659435533258,0.6256200671195984,0.7137907147407532,0.2862092852592468,0.5349853131248061,0.7137907147407532,0.7748218774795532,0.22517812252044678,0.47452936950250696,0.7748218774795532,0.9086028337478638,0.09139716625213623,0.3023196425178758,0.9086028337478638,0.9679127931594849,0.03208720684051514,0.179129022887178,0.9679127931594849,1.1112056970596313
gpt2,750,196608000,1,translators.1.weight,768,768,8.221075057983398,22.90975896128247,524.8570556640625,425.3260192871094,7.765757292720731,0.05240658496040851,755,244,327,483,626,0.12877044081687927,0.8712295591831207,0.9333967855007433,0.12877044081687927,0.20997968316078186,0.7900203168392181,0.8888308707730724,0.20997968316078186,0.2790960371494293,0.7209039628505707,0.8490606355558893,0.2790960371494293,0.3677828311920166,0.6322171688079834,0.7951208516999057,0.3677828311920166,0.4806952476501465,0.5193047523498535,0.7206280263421994,0.4806952476501465,0.613098680973053,0.386901319026947,0.622013921891582,0.613098680973053,0.6986026167869568,0.3013973832130432,0.548996706012926,0.6986026167869568,0.7622960805892944,0.23770391941070557,0.4875488892518427,0.7622960805892944,0.9094676971435547,0.09053230285644531,0.30088586350382984,0.9094676971435547,0.9706745147705078,0.029325485229492188,0.1712468546557635,0.9706745147705078,0.5537548661231995
gpt2,750,196608000,2,translators.2.weight,768,768,8.166156768798828,22.635022383051666,512.34423828125,420.90283203125,7.6829221155810234,0.05351225601043552,755,241,325,481,624,0.13015881180763245,0.8698411881923676,0.9326527693586545,0.13015881180763245,0.19215954840183258,0.8078404515981674,0.8987994501545756,0.19215954840183258,0.2535203695297241,0.7464796304702759,0.8639905268405874,0.2535203695297241,0.3465276062488556,0.6534723937511444,0.8083763936132379,0.3465276062488556,0.46759045124053955,0.5324095487594604,0.729663997165449,0.46759045124053955,0.6112868785858154,0.38871312141418457,0.6234686210341179,0.6112868785858154,0.7003607153892517,0.2996392846107483,0.5473931718707754,0.7003607153892517,0.7650230526924133,0.23497694730758667,0.48474420812175434,0.7650230526924133,0.9113948941230774,0.08860510587692261,0.2976660979636791,0.9113948941230774,0.9713551998138428,0.028644800186157227,0.169247747950031,0.9713551998138428,0.5306469798088074
gpt2,750,196608000,3,translators.3.weight,768,768,8.152897834777832,21.780123491313702,474.373779296875,411.6142272949219,7.136687418098482,0.05306706205010414,754,251,335,491,630,0.14012102782726288,0.8598789721727371,0.9272965934223727,0.14012102782726288,0.1923591047525406,0.8076408952474594,0.8986884305739444,0.1923591047525406,0.2462708055973053,0.7537291944026947,0.8681757854275219,0.2462708055973053,0.33040711283683777,0.6695928871631622,0.818286555653435,0.33040711283683777,0.4479096531867981,0.5520903468132019,0.7430278237140261,0.4479096531867981,0.5908073782920837,0.40919262170791626,0.6396816565354334,0.5908073782920837,0.6828369498252869,0.31716305017471313,0.5631723094885909,0.6828369498252869,0.7502849698066711,0.24971503019332886,0.4997149489392216,0.7502849698066711,0.9041226506233215,0.09587734937667847,0.30964067784559324,0.9041226506233215,0.9682018160820007,0.03179818391799927,0.17832045288748924,0.9682018160820007,0.5445160269737244
gpt2,750,196608000,4,translators.4.weight,768,768,8.649996757507324,21.469089022295883,460.9217834472656,406.4176025390625,6.160207544586221,0.052621016977354884,755,257,343,500,637,0.1623321920633316,0.8376678079366684,0.9152419395638884,0.1623321920633316,0.21614642441272736,0.7838535755872726,0.8853550562273153,0.21614642441272736,0.2666082978248596,0.7333917021751404,0.8563829179608503,0.2666082978248596,0.3443954288959503,0.6556045711040497,0.8096941219399149,0.3443954288959503,0.45589515566825867,0.5441048443317413,0.7376346279369898,0.45589515566825867,0.5910322070121765,0.4089677929878235,0.6395058975395173,0.5910322070121765,0.6791917681694031,0.3208082318305969,0.5663993571947243,0.6791917681694031,0.7452702522277832,0.2547297477722168,0.50470758640248,0.7452702522277832,0.8993582725524902,0.10064172744750977,0.31724080356648604,0.8993582725524902,0.9656444191932678,0.03435558080673218,0.185352585109386,0.9656444191932678,0.5401639342308044
gpt2,750,196608000,5,translators.5.weight,768,768,8.512380599975586,20.666826965366653,427.11773681640625,394.1872863769531,5.894480564897834,0.053505533025600016,756,263,349,505,639,0.16965024173259735,0.8303497582674026,0.9112352924834521,0.16965024173259735,0.21814323961734772,0.7818567603826523,0.8842266453702083,0.21814323961734772,0.26552391052246094,0.7344760894775391,0.8570158046836354,0.26552391052246094,0.3404651880264282,0.6595348119735718,0.8121174865581776,0.3404651880264282,0.44805407524108887,0.5519459247589111,0.7429306325350377,0.44805407524108887,0.5804001092910767,0.41959989070892334,0.6477653052679831,0.5804001092910767,0.6694275140762329,0.3305724859237671,0.5749543337724894,0.6694275140762329,0.736804723739624,0.263195276260376,0.5130256097509909,0.736804723739624,0.8948761224746704,0.10512387752532959,0.3242281257468722,0.8948761224746704,0.9636545777320862,0.03634542226791382,0.19064475410541412,0.9636545777320862,0.5371123552322388
gpt2,750,196608000,6,translators.6.weight,768,768,8.631782531738281,20.96519419599497,439.53936767578125,403.7601623535156,5.899249964355711,0.052363313967362046,758,272,360,515,645,0.16951307654380798,0.830486923456192,0.9113105526966052,0.16951307654380798,0.2082192748785019,0.7917807251214981,0.8898206140124526,0.2082192748785019,0.25272229313850403,0.747277706861496,0.8644522582893146,0.25272229313850403,0.32733455300331116,0.6726654469966888,0.8201618419535798,0.32733455300331116,0.4413764476776123,0.5586235523223877,0.7474112337410963,0.4413764476776123,0.5834269523620605,0.41657304763793945,0.6454247033062335,0.5834269523620605,0.6709172129631042,0.32908278703689575,0.5736573777411877,0.6709172129631042,0.7346492409706116,0.2653507590293884,0.5151220816751971,0.7346492409706116,0.8880028128623962,0.11199718713760376,0.3346598080702309,0.8880028128623962,0.9595814943313599,0.04041850566864014,0.2010435417232798,0.9595814943313599,0.5342698097229004
gpt2,750,196608000,7,translators.7.weight,768,768,8.569918632507324,19.693663779662895,387.84039306640625,381.0653991699219,5.280799045799195,0.05232974991668016,757,279,367,522,649,0.18936528265476227,0.8106347173452377,0.9003525516958553,0.18936528265476227,0.2238536924123764,0.7761463075876236,0.8809916614745134,0.2238536924123764,0.2630611062049866,0.7369388937950134,0.8584514510413582,0.2630611062049866,0.32994964718818665,0.6700503528118134,0.8185660344845817,0.32994964718818665,0.4363095164299011,0.5636904835700989,0.7507932362309205,0.4363095164299011,0.5748656988143921,0.4251343011856079,0.6520232366914602,0.5748656988143921,0.6614929437637329,0.3385070562362671,0.5818135923440317,0.6614929437637329,0.7257086038589478,0.27429139614105225,0.5237283610241594,0.7257086038589478,0.8825028538703918,0.11749714612960815,0.3427785671969707,0.8825028538703918,0.956967830657959,0.043032169342041016,0.2074419662026973,0.956967830657959,0.5169839859008789
gpt2,750,196608000,8,translators.8.weight,768,768,7.6879682540893555,16.781132702976933,281.6064147949219,332.1281433105469,4.764522485026731,0.052943741087801754,756,298,385,535,657,0.2098846137523651,0.7901153862476349,0.8888843491971467,0.2098846137523651,0.2444434016942978,0.7555565983057022,0.8692275871747872,0.2444434016942978,0.2769346833229065,0.7230653166770935,0.8503324741988239,0.2769346833229065,0.3295755088329315,0.6704244911670685,0.8187945353793395,0.3295755088329315,0.41131725907325745,0.5886827409267426,0.7672566330288338,0.41131725907325745,0.5308016538619995,0.4691983461380005,0.684980544349984,0.5308016538619995,0.6193330883979797,0.38066691160202026,0.6169820999040574,0.6193330883979797,0.6889529824256897,0.3110470175743103,0.557715893241631,0.6889529824256897,0.8650334477424622,0.13496655225753784,0.36737794198554957,0.8650334477424622,0.9497913718223572,0.05020862817764282,0.224072818917518,0.9497913718223572,0.49743619561195374
gpt2,750,196608000,9,translators.9.weight,768,768,7.7511396408081055,15.354711032087392,235.76715087890625,295.9789733886719,3.9242093960478504,0.05231210810597986,757,291,378,530,655,0.25482839345932007,0.7451716065406799,0.8632332283575974,0.25482839345932007,0.2928153872489929,0.7071846127510071,0.8409426929054126,0.2928153872489929,0.3233046233654022,0.6766953766345978,0.8226149625642594,0.3233046233654022,0.37085551023483276,0.6291444897651672,0.7931862894460338,0.37085551023483276,0.4447789490222931,0.5552210509777069,0.7451315662201589,0.4447789490222931,0.5558743476867676,0.4441256523132324,0.6664275296783833,0.5558743476867676,0.6391703486442566,0.3608296513557434,0.6006909782539966,0.6391703486442566,0.7053374648094177,0.2946625351905823,0.5428282741259728,0.7053374648094177,0.8724949955940247,0.12750500440597534,0.3570784289284013,0.8724949955940247,0.9525985717773438,0.04740142822265625,0.21771869056802692,0.9525985717773438,0.4735393822193146
gpt2,750,196608000,10,translators.10.weight,768,768,7.142147541046143,12.56821232067234,157.9599609375,228.3558807373047,3.096630468698289,0.052241184981539845,753,270,359,517,648,0.3229316771030426,0.6770683228969574,0.8228416147090262,0.3229316771030426,0.3787629008293152,0.6212370991706848,0.7881859546900623,0.3787629008293152,0.41028672456741333,0.5897132754325867,0.7679279103096766,0.41028672456741333,0.45432281494140625,0.5456771850585938,0.738699658222876,0.45432281494140625,0.5177618265151978,0.48223817348480225,0.6944337070482698,0.5177618265151978,0.6119417548179626,0.38805824518203735,0.6229432118436137,0.6119417548179626,0.6841288208961487,0.3158711791038513,0.5620241801771978,0.6841288208961487,0.7421138882637024,0.2578861117362976,0.5078248829432225,0.7421138882637024,0.8901968598365784,0.10980314016342163,0.3313655687657087,0.8901968598365784,0.9598745703697205,0.04012542963027954,0.20031332863860943,0.9598745703697205,0.4462421238422394
gpt2,750,196608000,11,translators.11.weight,768,768,6.374100208282471,9.559529559958213,91.38460540771484,154.26605224609375,2.24923724994488,0.05184400104917586,748,226,319,489,633,0.4445951581001282,0.5554048418998718,0.7452548838483863,0.4445951581001282,0.5123625993728638,0.48763740062713623,0.6983103898891496,0.5123625993728638,0.5420761704444885,0.4579238295555115,0.6767006942182869,0.5420761704444885,0.5801743865013123,0.41982561349868774,0.6479395137655117,0.5801743865013123,0.6315944790840149,0.3684055209159851,0.6069641842118735,0.6315944790840149,0.705356240272522,0.294643759727478,0.5428109797410863,0.705356240272522,0.7613686323165894,0.23863136768341064,0.48849909691156096,0.7613686323165894,0.8064215183258057,0.19357848167419434,0.43997554667753336,0.8064215183258057,0.919460117816925,0.08053988218307495,0.2837954935919085,0.919460117816925,0.9712144732475281,0.028785526752471924,0.16966297991156445,0.9712144732475281,0.3459242880344391
gpt2,1000,262144000,0,translators.0.weight,768,768,13.832072257995605,40.56682132220246,1645.6669921875,776.436767578125,8.601366643891923,0.05416998907458037,755,261,348,503,633,0.1162605881690979,0.8837394118309021,0.940074152304435,0.1162605881690979,0.190985769033432,0.809014230966568,0.8994521838133298,0.190985769033432,0.2492688000202179,0.7507311999797821,0.8664474594456274,0.2492688000202179,0.32726454734802246,0.6727354526519775,0.8202045187951463,0.32726454734802246,0.44052359461784363,0.5594764053821564,0.7479815541723983,0.44052359461784363,0.5857824087142944,0.41421759128570557,0.6435973829077505,0.5857824087142944,0.679765522480011,0.320234477519989,0.5658926378033107,0.679765522480011,0.7467100620269775,0.25328993797302246,0.5032791849192876,0.7467100620269775,0.896747350692749,0.10325264930725098,0.32132950270283456,0.896747350692749,0.9637485146522522,0.0362514853477478,0.19039822832092687,0.9637485146522522,1.057823896408081
gpt2,1000,262144000,1,translators.1.weight,768,768,9.036681175231934,25.66969710786193,658.933349609375,482.4991760253906,8.069071581340996,0.053788784076459706,756,252,337,493,632,0.12392999231815338,0.8760700076818466,0.9359861151116755,0.12392999231815338,0.20242750644683838,0.7975724935531616,0.8930691426497511,0.20242750644683838,0.27047812938690186,0.7295218706130981,0.8541205246410475,0.27047812938690186,0.3592590391635895,0.6407409608364105,0.8004629665614834,0.3592590391635895,0.4725229740142822,0.5274770259857178,0.726276136180804,0.4725229740142822,0.6053723096847534,0.3946276903152466,0.6281939909894447,0.6053723096847534,0.6909124255180359,0.3090875744819641,0.5559564501667051,0.6909124255180359,0.7547754645347595,0.24522453546524048,0.4952015099585627,0.7547754645347595,0.9037140011787415,0.09628599882125854,0.31029985307965996,0.9037140011787415,0.9677060842514038,0.03229391574859619,0.17970507991872736,0.9677060842514038,0.6043009161949158
gpt2,1000,262144000,2,translators.2.weight,768,768,9.043927192687988,25.431921944843133,646.7826538085938,479.32958984375,7.907591921975527,0.05354107997845858,756,249,334,491,630,0.1264607459306717,0.8735392540693283,0.9346332190058988,0.1264607459306717,0.18456798791885376,0.8154320120811462,0.90301274192624,0.18456798791885376,0.24402154982089996,0.7559784501791,0.8694702123587099,0.24402154982089996,0.33408311009407043,0.6659168899059296,0.8160373091384545,0.33408311009407043,0.45547202229499817,0.5445279777050018,0.7379213899223968,0.45547202229499817,0.6017398834228516,0.39826011657714844,0.6310785343973826,0.6017398834228516,0.6918745636940002,0.30812543630599976,0.5550904757839029,0.6918745636940002,0.7569599747657776,0.2430400252342224,0.4929908977194431,0.7569599747657776,0.9054486751556396,0.09455132484436035,0.3074919915125601,0.9054486751556396,0.9683350324630737,0.03166496753692627,0.17794652999405824,0.9683350324630737,0.5772401690483093
gpt2,1000,262144000,3,translators.3.weight,768,768,8.988619804382324,24.460478377198722,598.3150024414062,468.6728210449219,7.405320683340844,0.05234233499504626,756,260,345,501,636,0.13503804802894592,0.8649619519710541,0.9300333069148944,0.13503804802894592,0.18418069183826447,0.8158193081617355,0.903227163100034,0.18418069183826447,0.2367009073495865,0.7632990926504135,0.8736698991326264,0.2367009073495865,0.3179893493652344,0.6820106506347656,0.8258393612772194,0.3179893493652344,0.43574050068855286,0.5642594993114471,0.7511720836875178,0.43574050068855286,0.5796845555305481,0.4203154444694519,0.6483173948533634,0.5796845555305481,0.6725996136665344,0.3274003863334656,0.57218911762936,0.6725996136665344,0.7409766912460327,0.2590233087539673,0.5089433256797532,0.7409766912460327,0.8976621031761169,0.10233789682388306,0.31990294907031264,0.8976621031761169,0.9649291038513184,0.03507089614868164,0.1872722514113654,0.9649291038513184,0.5883257985115051
gpt2,1000,262144000,4,translators.4.weight,768,768,9.513513565063477,24.106769848718066,581.1363525390625,462.6297607421875,6.420903748096571,0.05308057798538357,757,265,352,509,642,0.15574131906032562,0.8442586809396744,0.918835502655222,0.15574131906032562,0.20606592297554016,0.7939340770244598,0.8910297845888542,0.20606592297554016,0.2550777196884155,0.7449222803115845,0.8630888021006786,0.2550777196884155,0.3318227529525757,0.6681772470474243,0.8174210953036534,0.3318227529525757,0.4433387517929077,0.5566612482070923,0.7460973449939976,0.4433387517929077,0.5801605582237244,0.41983944177627563,0.6479501846409765,0.5801605582237244,0.6694645881652832,0.3305354118347168,0.5749220919696135,0.6694645881652832,0.7361384034156799,0.26386159658432007,0.5136746018486023,0.7361384034156799,0.8932775855064392,0.10672241449356079,0.3266839673041222,0.8932775855064392,0.9624093770980835,0.037590622901916504,0.193883013443459,0.9624093770980835,0.5938897728919983
gpt2,1000,262144000,5,translators.5.weight,768,768,9.28288745880127,23.158127928659436,536.2988891601562,447.8871765136719,6.2235864528972265,0.05268824193626642,756,271,358,514,645,0.16067905724048615,0.8393209427595139,0.9161446079956558,0.16067905724048615,0.20693045854568481,0.7930695414543152,0.8905445196363375,0.20693045854568481,0.2536100745201111,0.7463899254798889,0.8639386121015132,0.2536100745201111,0.32754361629486084,0.6724563837051392,0.8200343795873067,0.32754361629486084,0.4352140724658966,0.5647859275341034,0.751522406541617,0.4352140724658966,0.5692591667175293,0.4307408332824707,0.6563084894182543,0.5692591667175293,0.659545361995697,0.340454638004303,0.5834849081204269,0.659545361995697,0.7274538278579712,0.2725461721420288,0.5220595484636105,0.7274538278579712,0.8884533047676086,0.11154669523239136,0.3339860704167037,0.8884533047676086,0.9603534936904907,0.03964650630950928,0.19911430463306568,0.9603534936904907,0.5935741662979126
gpt2,1000,262144000,6,translators.6.weight,768,768,9.623276710510254,23.37382104521865,546.3355102539062,451.240966796875,5.8994765846457184,0.053407939965836704,758,275,366,522,649,0.16950656473636627,0.8304934352636337,0.911314125460389,0.16950656473636627,0.214948832988739,0.785051167011261,0.886031132077909,0.214948832988739,0.2585674226284027,0.7414325773715973,0.8610647927836774,0.2585674226284027,0.3318658769130707,0.6681341230869293,0.8173947168210285,0.3318658769130707,0.4441820979118347,0.5558179020881653,0.7455319591326487,0.4441820979118347,0.5859791040420532,0.4140208959579468,0.6434445554653072,0.5859791040420532,0.6724973917007446,0.32750260829925537,0.5722784359900829,0.6724973917007446,0.7351961731910706,0.26480382680892944,0.5145909315261292,0.7351961731910706,0.8857176303863525,0.11428236961364746,0.3380567550185138,0.8857176303863525,0.9574605822563171,0.04253941774368286,0.206250861195009,0.9574605822563171,0.570615828037262
gpt2,1000,262144000,7,translators.7.weight,768,768,9.077021598815918,21.57819571404054,465.6185302734375,421.42498779296875,5.651236960274038,0.05223091598600149,758,286,375,529,654,0.17695240676403046,0.8230475932359695,0.907219705052734,0.17695240676403046,0.22447477281093597,0.775525227189064,0.8806391015558326,0.22447477281093597,0.26325273513793945,0.7367472648620605,0.8583398306393922,0.26325273513793945,0.3284839391708374,0.6715160608291626,0.8194608354455767,0.3284839391708374,0.4320822060108185,0.5679177939891815,0.7536032072577594,0.4320822060108185,0.5698241591453552,0.4301758408546448,0.6558779161205572,0.5698241591453552,0.6562454104423523,0.3437545895576477,0.5863058839527774,0.6562454104423523,0.7201939821243286,0.2798060178756714,0.5289669345768896,0.7201939821243286,0.8774940371513367,0.12250596284866333,0.3500085182515753,0.8774940371513367,0.9538325071334839,0.04616749286651611,0.21486622085966914,0.9538325071334839,0.5625656247138977
gpt2,1000,262144000,8,translators.8.weight,768,768,8.00027084350586,18.297121015372113,334.7846374511719,366.073974609375,5.230655781891754,0.053057344048283994,758,306,394,542,661,0.19118061661720276,0.8088193833827972,0.899343862703692,0.19118061661720276,0.24281974136829376,0.7571802586317062,0.870161053272155,0.24281974136829376,0.2753213047981262,0.7246786952018738,0.8512806207132133,0.2753213047981262,0.3268698453903198,0.6731301546096802,0.8204450954266715,0.3268698453903198,0.40695181488990784,0.5930481851100922,0.7700962180858261,0.40695181488990784,0.5245149731636047,0.47548502683639526,0.6895542232750048,0.5245149731636047,0.6123123168945312,0.38768768310546875,0.6226457123480966,0.6123123168945312,0.6817090511322021,0.31829094886779785,0.5641728005388047,0.6817090511322021,0.8585659265518188,0.14143407344818115,0.3760772174011358,0.8585659265518188,0.9459134936332703,0.054086506366729736,0.2325650583529902,0.9459134936332703,0.5205931663513184
gpt2,1000,262144000,9,translators.9.weight,768,768,7.927574634552002,16.288526669843986,265.31610107421875,321.228759765625,4.221656832436786,0.05286616599187255,758,304,392,541,660,0.2368738204240799,0.7631261795759201,0.8735709356291108,0.2368738204240799,0.2717771828174591,0.7282228171825409,0.8533597232015001,0.2717771828174591,0.3013969659805298,0.6986030340194702,0.8358247627460377,0.3013969659805298,0.3483026325702667,0.6516973674297333,0.8072777511053635,0.3483026325702667,0.4217722415924072,0.5782277584075928,0.7604128867974246,0.4217722415924072,0.5335175395011902,0.4664824604988098,0.6829952126470652,0.5335175395011902,0.618322491645813,0.381677508354187,0.61780054091445,0.618322491645813,0.6863588094711304,0.31364119052886963,0.5600367760503497,0.6863588094711304,0.8604617714881897,0.1395382285118103,0.3735481609000509,0.8604617714881897,0.9467629790306091,0.05323702096939087,0.2307314910656776,0.9467629790306091,0.4880751371383667
gpt2,1000,262144000,10,translators.10.weight,768,768,7.286526679992676,13.186831199717533,173.89251708984375,247.4591827392578,3.2752147038772166,0.053057122975587845,755,288,377,531,656,0.3053235113620758,0.6946764886379242,0.8334725482209502,0.3053235113620758,0.3500230014324188,0.6499769985675812,0.8062115098208293,0.3500230014324188,0.3801226317882538,0.6198773682117462,0.7873229122867861,0.3801226317882538,0.42263492941856384,0.5773650705814362,0.7598454254527273,0.42263492941856384,0.4858705401420593,0.5141294598579407,0.7170282141296399,0.4858705401420593,0.5819525122642517,0.4180474877357483,0.6465659190954534,0.5819525122642517,0.6565148234367371,0.34348517656326294,0.5860760842785371,0.6565148234367371,0.7172020673751831,0.2827979326248169,0.5317874882176309,0.7172020673751831,0.8756237626075745,0.12437623739242554,0.3526701538157511,0.8756237626075745,0.9532704949378967,0.04672950506210327,0.21617008364272627,0.9532704949378967,0.45788300037384033
gpt2,1000,262144000,11,translators.11.weight,768,768,6.666993618011475,10.383416496258137,107.81533813476562,169.61561584472656,2.4256071855388024,0.05293229897506535,750,233,329,498,638,0.41226789355278015,0.5877321064472198,0.7666368804376814,0.41226789355278015,0.5122069120407104,0.48779308795928955,0.6984218552989945,0.5122069120407104,0.5441222190856934,0.45587778091430664,0.6751872191579952,0.5441222190856934,0.5819888114929199,0.4180111885070801,0.6465378476988645,0.5819888114929199,0.6311174035072327,0.36888259649276733,0.6073570584860007,0.6311174035072327,0.7026076316833496,0.2973923683166504,0.5453369310038065,0.7026076316833496,0.7574285864830017,0.2425714135169983,0.4925153941929108,0.7574285864830017,0.8017688393592834,0.19823116064071655,0.4452315809112338,0.8017688393592834,0.9147276282310486,0.08527237176895142,0.2920143348689434,0.9147276282310486,0.9685255289077759,0.03147447109222412,0.1774104593653489,0.9685255289077759,0.35270097851753235
