variant,family,rank,layer,kl
full_rank,full,full,0,2.921670
full_rank,full,full,1,2.159769
full_rank,full,full,2,2.005770
full_rank,full,full,3,1.861775
full_rank,full,full,4,1.745591
full_rank,full,full,5,1.698860
full_rank,full,full,6,0.806304
full_rank,full,full,7,0.636696
full_rank,full,full,8,0.431169
full_rank,full,full,9,0.313597
full_rank,full,full,10,0.175934
full_rank,full,full,11,0.074985
truncated_r1,truncated,1,0,13.493294
truncated_r1,truncated,1,1,5.078652
truncated_r1,truncated,1,2,4.819480
truncated_r1,truncated,1,3,4.419947
truncated_r1,truncated,1,4,4.011827
truncated_r1,truncated,1,5,3.767925
truncated_r1,truncated,1,6,2.836204
truncated_r1,truncated,1,7,2.333747
truncated_r1,truncated,1,8,1.376144
truncated_r1,truncated,1,9,1.040342
truncated_r1,truncated,1,10,0.539032
truncated_r1,truncated,1,11,0.188360
random_r1,random,1,0,55.585060
random_r1,random,1,1,8.818857
random_r1,random,1,2,7.229636
random_r1,random,1,3,6.955022
random_r1,random,1,4,6.640616
random_r1,random,1,5,6.347623
random_r1,random,1,6,4.606714
random_r1,random,1,7,4.030479
random_r1,random,1,8,2.905060
random_r1,random,1,9,2.627776
random_r1,random,1,10,2.294793
random_r1,random,1,11,1.426342
trained_r1,trained,1,0,6.736718
trained_r1,trained,1,1,4.168175
trained_r1,trained,1,2,3.900909
trained_r1,trained,1,3,3.797087
trained_r1,trained,1,4,3.593250
trained_r1,trained,1,5,3.492545
trained_r1,trained,1,6,2.586670
trained_r1,trained,1,7,2.051122
trained_r1,trained,1,8,1.101071
trained_r1,trained,1,9,0.806594
trained_r1,trained,1,10,0.420638
trained_r1,trained,1,11,0.148298
truncated_r4,truncated,4,0,11.800471
truncated_r4,truncated,4,1,4.425394
truncated_r4,truncated,4,2,3.890811
truncated_r4,truncated,4,3,3.764825
truncated_r4,truncated,4,4,3.609546
truncated_r4,truncated,4,5,3.402491
truncated_r4,truncated,4,6,2.782771
truncated_r4,truncated,4,7,2.214621
truncated_r4,truncated,4,8,1.192543
truncated_r4,truncated,4,9,0.928827
truncated_r4,truncated,4,10,0.496055
truncated_r4,truncated,4,11,0.193602
random_r4,random,4,0,53.038632
random_r4,random,4,1,8.780370
random_r4,random,4,2,7.154399
random_r4,random,4,3,7.025596
random_r4,random,4,4,6.655746
random_r4,random,4,5,6.348302
random_r4,random,4,6,4.609704
random_r4,random,4,7,3.998662
random_r4,random,4,8,2.875111
random_r4,random,4,9,2.607706
random_r4,random,4,10,2.342469
random_r4,random,4,11,1.425540
trained_r4,trained,4,0,5.365853
trained_r4,trained,4,1,3.386764
trained_r4,trained,4,2,3.203186
trained_r4,trained,4,3,3.078127
trained_r4,trained,4,4,2.886864
trained_r4,trained,4,5,2.832472
trained_r4,trained,4,6,1.913062
trained_r4,trained,4,7,1.471297
trained_r4,trained,4,8,0.855249
trained_r4,trained,4,9,0.616629
trained_r4,trained,4,10,0.319557
trained_r4,trained,4,11,0.113509
truncated_r8,truncated,8,0,9.786864
truncated_r8,truncated,8,1,4.160014
truncated_r8,truncated,8,2,3.695597
truncated_r8,truncated,8,3,3.513300
truncated_r8,truncated,8,4,3.234285
truncated_r8,truncated,8,5,3.157469
truncated_r8,truncated,8,6,2.402076
truncated_r8,truncated,8,7,1.942979
truncated_r8,truncated,8,8,1.120619
truncated_r8,truncated,8,9,0.809049
truncated_r8,truncated,8,10,0.454759
truncated_r8,truncated,8,11,0.176533
random_r8,random,8,0,52.538475
random_r8,random,8,1,8.448707
random_r8,random,8,2,7.082294
random_r8,random,8,3,6.894258
random_r8,random,8,4,6.592173
random_r8,random,8,5,6.149652
random_r8,random,8,6,4.616306
random_r8,random,8,7,3.964695
random_r8,random,8,8,2.783780
random_r8,random,8,9,2.629063
random_r8,random,8,10,2.236343
random_r8,random,8,11,1.340051
trained_r8,trained,8,0,4.306421
trained_r8,trained,8,1,3.015752
trained_r8,trained,8,2,2.865786
trained_r8,trained,8,3,2.729565
trained_r8,trained,8,4,2.552500
trained_r8,trained,8,5,2.467659
trained_r8,trained,8,6,1.504026
trained_r8,trained,8,7,1.210561
trained_r8,trained,8,8,0.717745
trained_r8,trained,8,9,0.521743
trained_r8,trained,8,10,0.282534
trained_r8,trained,8,11,0.103588
truncated_r16,truncated,16,0,7.999408
truncated_r16,truncated,16,1,3.775388
truncated_r16,truncated,16,2,3.525981
truncated_r16,truncated,16,3,3.221126
truncated_r16,truncated,16,4,2.938331
truncated_r16,truncated,16,5,2.889939
truncated_r16,truncated,16,6,2.049492
truncated_r16,truncated,16,7,1.673233
truncated_r16,truncated,16,8,1.022940
truncated_r16,truncated,16,9,0.737636
truncated_r16,truncated,16,10,0.389782
truncated_r16,truncated,16,11,0.164209
random_r16,random,16,0,47.118073
random_r16,random,16,1,8.551849
random_r16,random,16,2,7.137480
random_r16,random,16,3,6.731138
random_r16,random,16,4,6.587247
random_r16,random,16,5,6.362190
random_r16,random,16,6,4.626119
random_r16,random,16,7,4.221669
random_r16,random,16,8,2.732962
random_r16,random,16,9,2.615464
random_r16,random,16,10,2.257728
random_r16,random,16,11,1.397396
trained_r16,trained,16,0,3.941797
trained_r16,trained,16,1,2.786118
trained_r16,trained,16,2,2.686677
trained_r16,trained,16,3,2.531445
trained_r16,trained,16,4,2.365610
trained_r16,trained,16,5,2.324579
trained_r16,trained,16,6,1.304608
trained_r16,trained,16,7,1.040176
trained_r16,trained,16,8,0.651884
trained_r16,trained,16,9,0.474421
trained_r16,trained,16,10,0.262351
trained_r16,trained,16,11,0.095223
truncated_r32,truncated,32,0,6.304158
truncated_r32,truncated,32,1,3.412833
truncated_r32,truncated,32,2,3.067225
truncated_r32,truncated,32,3,2.878208
truncated_r32,truncated,32,4,2.639109
truncated_r32,truncated,32,5,2.598399
truncated_r32,truncated,32,6,1.646057
truncated_r32,truncated,32,7,1.344390
truncated_r32,truncated,32,8,0.858454
truncated_r32,truncated,32,9,0.639100
truncated_r32,truncated,32,10,0.339870
truncated_r32,truncated,32,11,0.133849
random_r32,random,32,0,39.213393
random_r32,random,32,1,8.038454
random_r32,random,32,2,7.037951
random_r32,random,32,3,6.786506
random_r32,random,32,4,6.961553
random_r32,random,32,5,6.239083
random_r32,random,32,6,4.881180
random_r32,random,32,7,3.876784
random_r32,random,32,8,2.668321
random_r32,random,32,9,2.434600
random_r32,random,32,10,2.079074
random_r32,random,32,11,1.307077
trained_r32,trained,32,0,3.684091
trained_r32,trained,32,1,2.581332
trained_r32,trained,32,2,2.459262
trained_r32,trained,32,3,2.344271
trained_r32,trained,32,4,2.183147
trained_r32,trained,32,5,2.111039
trained_r32,trained,32,6,1.129472
trained_r32,trained,32,7,0.879619
trained_r32,trained,32,8,0.581298
trained_r32,trained,32,9,0.423748
trained_r32,trained,32,10,0.238014
trained_r32,trained,32,11,0.086129
truncated_r64,truncated,64,0,4.351986
truncated_r64,truncated,64,1,2.913125
truncated_r64,truncated,64,2,2.698798
truncated_r64,truncated,64,3,2.526533
truncated_r64,truncated,64,4,2.383747
truncated_r64,truncated,64,5,2.319948
truncated_r64,truncated,64,6,1.293764
truncated_r64,truncated,64,7,1.053355
truncated_r64,truncated,64,8,0.706006
truncated_r64,truncated,64,9,0.517990
truncated_r64,truncated,64,10,0.287841
truncated_r64,truncated,64,11,0.115109
random_r64,random,64,0,31.573689
random_r64,random,64,1,7.690001
random_r64,random,64,2,6.722861
random_r64,random,64,3,6.124556
random_r64,random,64,4,6.297999
random_r64,random,64,5,5.741644
random_r64,random,64,6,4.229664
random_r64,random,64,7,3.536238
random_r64,random,64,8,2.770038
random_r64,random,64,9,2.318789
random_r64,random,64,10,1.971896
random_r64,random,64,11,1.190894
trained_r64,trained,64,0,3.551202
trained_r64,trained,64,1,2.375498
trained_r64,trained,64,2,2.214247
trained_r64,trained,64,3,2.090530
trained_r64,trained,64,4,1.982154
trained_r64,trained,64,5,1.910374
trained_r64,trained,64,6,0.967896
trained_r64,trained,64,7,0.757951
trained_r64,trained,64,8,0.517159
trained_r64,trained,64,9,0.379193
trained_r64,trained,64,10,0.212730
trained_r64,trained,64,11,0.079646
truncated_r128,truncated,128,0,3.268683
truncated_r128,truncated,128,1,2.573792
truncated_r128,truncated,128,2,2.347503
truncated_r128,truncated,128,3,2.194096
truncated_r128,truncated,128,4,2.047339
truncated_r128,truncated,128,5,1.971536
truncated_r128,truncated,128,6,1.050044
truncated_r128,truncated,128,7,0.827846
truncated_r128,truncated,128,8,0.566376
truncated_r128,truncated,128,9,0.421081
truncated_r128,truncated,128,10,0.235217
truncated_r128,truncated,128,11,0.096181
random_r128,random,128,0,22.784533
random_r128,random,128,1,7.136808
random_r128,random,128,2,6.223294
random_r128,random,128,3,6.318484
random_r128,random,128,4,6.003550
random_r128,random,128,5,5.971364
random_r128,random,128,6,3.901538
random_r128,random,128,7,3.636117
random_r128,random,128,8,2.394654
random_r128,random,128,9,2.344341
random_r128,random,128,10,1.705590
random_r128,random,128,11,1.051901
trained_r128,trained,128,0,3.352866
trained_r128,trained,128,1,2.254671
trained_r128,trained,128,2,2.097258
trained_r128,trained,128,3,1.952463
trained_r128,trained,128,4,1.857315
trained_r128,trained,128,5,1.795031
trained_r128,trained,128,6,0.876118
trained_r128,trained,128,7,0.697668
trained_r128,trained,128,8,0.477812
trained_r128,trained,128,9,0.349679
trained_r128,trained,128,10,0.201231
trained_r128,trained,128,11,0.072829
truncated_r256,truncated,256,0,2.990020
truncated_r256,truncated,256,1,2.279053
truncated_r256,truncated,256,2,2.116505
truncated_r256,truncated,256,3,1.957783
truncated_r256,truncated,256,4,1.840949
truncated_r256,truncated,256,5,1.776161
truncated_r256,truncated,256,6,0.882782
truncated_r256,truncated,256,7,0.700532
truncated_r256,truncated,256,8,0.475434
truncated_r256,truncated,256,9,0.347234
truncated_r256,truncated,256,10,0.193887
truncated_r256,truncated,256,11,0.082881
random_r256,random,256,0,14.719376
random_r256,random,256,1,6.115157
random_r256,random,256,2,5.528401
random_r256,random,256,3,5.159835
random_r256,random,256,4,4.775753
random_r256,random,256,5,5.099745
random_r256,random,256,6,3.060027
random_r256,random,256,7,3.291580
random_r256,random,256,8,2.176212
random_r256,random,256,9,1.889535
random_r256,random,256,10,1.467088
random_r256,random,256,11,1.220292
trained_r256,trained,256,0,3.154329
trained_r256,trained,256,1,2.168018
trained_r256,trained,256,2,2.056404
trained_r256,trained,256,3,1.930978
trained_r256,trained,256,4,1.827725
trained_r256,trained,256,5,1.770832
trained_r256,trained,256,6,0.835517
trained_r256,trained,256,7,0.673812
trained_r256,trained,256,8,0.452443
trained_r256,trained,256,9,0.327355
trained_r256,trained,256,10,0.186522
trained_r256,trained,256,11,0.071010
truncated_r384,truncated,384,0,2.945631
truncated_r384,truncated,384,1,2.194044
truncated_r384,truncated,384,2,2.040439
truncated_r384,truncated,384,3,1.889602
truncated_r384,truncated,384,4,1.768633
truncated_r384,truncated,384,5,1.716892
truncated_r384,truncated,384,6,0.830514
truncated_r384,truncated,384,7,0.657648
truncated_r384,truncated,384,8,0.446558
truncated_r384,truncated,384,9,0.324779
truncated_r384,truncated,384,10,0.182563
truncated_r384,truncated,384,11,0.078511
random_r384,random,384,0,9.174090
random_r384,random,384,1,5.013259
random_r384,random,384,2,4.936079
random_r384,random,384,3,4.265954
random_r384,random,384,4,4.174636
random_r384,random,384,5,3.910811
random_r384,random,384,6,2.260856
random_r384,random,384,7,2.524366
random_r384,random,384,8,1.527101
random_r384,random,384,9,1.530795
random_r384,random,384,10,1.162768
random_r384,random,384,11,0.893638
trained_r384,trained,384,0,3.014911
trained_r384,trained,384,1,2.104599
trained_r384,trained,384,2,1.984359
trained_r384,trained,384,3,1.837362
trained_r384,trained,384,4,1.723063
trained_r384,trained,384,5,1.674653
trained_r384,trained,384,6,0.797365
trained_r384,trained,384,7,0.631262
trained_r384,trained,384,8,0.431101
trained_r384,trained,384,9,0.316488
trained_r384,trained,384,10,0.176303
trained_r384,trained,384,11,0.065272
