layer,head_0,head_1,head_2,head_3,head_4,head_5,head_6,head_7,head_8,head_9,head_10,head_11,head_12,head_13,head_14,head_15,head_16,head_17,head_18,head_19,head_20,head_21,head_22,head_23,head_24,head_25,head_26,head_27,head_28,head_29,head_30,head_31,head_32,head_33,head_34,head_35,head_36,head_37,head_38,head_39,head_40,head_41,head_42,head_43,head_44,head_45,head_46,head_47,head_48,head_49,head_50,head_51,head_52,head_53,head_54,head_55,head_56,head_57,head_58,head_59,head_60,head_61,head_62,head_63
0,0,0,0,0,0,0,0,0,0,0,0,0,0,0,0,0,0,0,0,0,0,0,0,0,0,0,0,0,0,0,0,0,0,0,0,0,0,0,0,0,0,0,0,0,0,0,0,0,0,0,0,0,0,0,0,0,0,0,0,0,0,0,0,0
1,0,0,0,0,0,0,0,0,0,0,0,0,0,0,0,0,0,0,0,0,0,0,0,0,0,0,0,0,0,0,0,0,0,0,0,0,0,0,0,0,0,0,0,0,0,0,0,0,0,0,0,0,0,0,0,0,0,0,0,0,0,0,0,0
2,0,0,0,0,0,0,0,0,0,0,0,0,0,0,0,0,0,0,0,0,0,0,0,0,0,0,0,0,0,0,0,0,0,0,0,0,0,0,0,0,0,0,0,0,0,0,0,0,0,0,0,0,0,0,0,0,0,0,0,0,0,0,0,0
3,0,0,0,0,0,0,0,0,0,0,0,0,0,0,0,0,0,0,0,0,0,0,0,0,0,0,0,0,0,0,0,0,0,0,0,0,0,0,0,0,0,0,0,0,0,0,0,0,0,0,0,0,0,0,0,0,0,0,0,0,0,0,0,0
4,0,0,0,0,0,0,0,0,0,0,0,0,0,0,0,0,0,0,0,0,0,0,0,0,0,0,0,0,0,0,0,0,0,0,0,0,0,0,0,0,0,0,0,0,0,0,0,0,0,0,0,0,0,0,0,0,0,0,0,0,0,0,0,0
5,0,0,0,0,0,0,0,0,0,0,0,0,0,0,0,0,0,0,0,0,0,0,0,0,0,0,0,0,0,0,0,0,0,0,0,0,0,0,0,0,0,0,0,0,0,0,0,0,0,0,0,0,0,0,0,0,0,0,0,0,0,0,0,0
6,0,0,0,0,0,0,0,0,0,0,0,0,0,0,0,0,0,0,0,0,0,0,0,0,0,0,0,0,0,0,0,0,0,0,0,0,0,0,0,0,0,0,0,0,0,0,0,0,0,0,0,0,0,0,0,0,0,0,0,0,0,0,0,0
7,0,0,0,0,0,0,0,0,0,0,0,0,0,0,0,0,0,0,0,0,0,0,0,0,0,0,0,0,0,0,0,0,0,0,0,0,0,0,0,0,0,0,0,0,0,0,0,0,0,0,0,0,0,0,0,0,0,0,0,0,0,0,0,0
8,0,0,0,0,0,0,0,0,0,0,0,0,0,0,0,0,0,0,0,0,0,0,0,0,0,0,0,0,0,0,0,0,0,0,0,0,0,0,0,0,0,0,0,0,0,0,0,0,0,0,0,0,0,0,0,0,0,0,0,0,0,0,0,0
9,0,0,0,0,0,0,0,0,0,0,0,0,0,0,0,0,0,0,0,0,0,0,0,0,0,0,0,0,0,0,0,0,0,0,0,0,0,0,0,0,0,0,0,0,0,0,0,0,0,0,0,0,0,0,0,0,0,0,0,0,0,0,0,0
10,0,0,0,0,0,0,0,0,0,0,0,0,0,0,0,0,0,0,0,0,0,0,0,0,0,0,0,0,0,0,0,0,0,0,0,0,0,0,0,0,0,0,0,0,0,0,0,0,0,0,0,0,0,0,0,2,0,0,0,0,0,0,0,0
11,0,0,0,0,0,0,0,0,0,0,0,0,0,0,0,0,0,0,0,0,0,0,0,0,0,0,0,0,0,0,0,0,2,0,0,0,0,0,0,0,0,0,0,0,0,0,0,0,0,0,0,0,0,0,0,0,0,0,0,0,0,0,0,0
12,0,0,0,0,0,0,0,0,0,0,0,0,0,0,0,0,0,0,0,0,0,0,0,0,0,0,0,0,0,0,0,0,0,0,0,0,0,0,0,0,0,0,0,0,0,0,0,0,0,0,0,0,0,0,0,0,0,0,0,0,0,0,0,0
13,0,0,0,0,0,0,0,0,0,0,0,0,0,0,0,0,0,0,0,0,0,0,0,0,0,0,0,0,0,0,0,0,0,0,0,0,0,0,0,0,0,0,0,0,0,0,0,0,0,1,1,0,0,0,0,0,0,0,0,0,0,0,0,0
14,0,0,0,0,0,0,0,0,2,0,0,0,0,0,0,0,0,0,0,0,0,0,0,0,0,0,0,0,0,0,0,0,0,0,0,0,0,0,0,0,0,0,0,0,0,0,0,0,0,0,0,0,0,0,0,0,0,0,0,0,0,0,0,0
15,0,0,0,0,0,0,0,0,0,0,0,0,0,0,0,0,0,0,0,0,0,0,0,0,0,0,0,0,0,0,0,0,0,0,0,0,0,0,0,0,0,0,0,0,0,0,0,0,0,0,0,0,0,0,0,0,0,0,0,0,0,0,0,0
16,0,0,1,0,0,0,0,0,0,0,0,0,0,0,0,0,0,0,0,0,0,0,0,0,0,0,0,0,0,1,0,0,0,1,3,0,0,1,0,0,0,0,0,0,0,0,0,0,5,0,0,0,0,0,1,0,0,0,0,0,0,0,0,0
17,0,0,0,0,0,0,0,0,0,0,0,0,0,0,0,0,0,0,0,0,0,0,2,0,0,0,0,0,0,0,0,0,0,0,0,0,0,0,0,0,0,0,0,0,0,1,0,0,0,0,0,0,0,0,0,0,0,0,0,0,0,0,0,0
18,0,0,0,0,1,0,0,0,0,0,0,0,0,0,0,1,0,0,0,0,0,0,0,0,0,18,0,0,0,0,0,0,0,1,0,0,0,0,0,0,0,0,0,0,0,1,0,0,0,0,0,0,0,0,0,0,0,0,0,0,0,0,0,0
19,0,0,0,0,0,0,2,0,2,0,0,0,0,0,0,0,0,0,0,0,0,0,0,0,0,0,2,0,0,0,0,0,3,0,3,0,0,0,0,0,0,0,1,0,0,0,0,0,0,0,0,0,0,0,0,0,0,0,0,0,10,0,0,0
20,0,0,0,0,0,0,0,0,1,0,1,0,0,4,0,1,0,0,0,0,0,0,0,0,0,0,0,0,0,0,0,0,4,0,0,0,0,0,0,0,0,0,0,0,0,0,0,0,0,0,0,0,0,0,0,3,0,0,0,0,0,0,0,0
21,0,0,0,0,0,0,0,0,0,0,0,0,0,0,0,0,0,0,0,0,0,0,0,0,0,1,0,0,0,1,0,0,0,0,0,0,0,0,0,0,4,0,0,0,0,2,0,0,0,0,0,0,0,1,0,0,0,0,0,0,0,0,0,0
22,0,0,0,0,0,0,0,0,0,0,0,1,0,1,0,0,0,0,0,0,0,0,0,0,0,0,0,0,0,0,0,0,0,0,0,0,0,0,0,0,0,0,0,0,0,0,0,0,0,0,0,0,0,0,0,0,0,0,0,0,0,0,0,0
23,0,0,0,0,0,0,0,0,0,0,0,0,1,1,0,1,0,0,0,1,0,0,9,0,1,0,0,0,0,0,0,0,0,0,0,0,0,0,0,0,0,0,0,1,0,0,0,0,0,0,0,0,0,0,0,0,0,0,0,0,0,0,0,0
24,0,0,0,0,1,2,0,1,0,0,0,0,0,0,0,0,0,0,0,0,0,0,0,0,0,0,0,0,0,0,0,0,0,1,0,0,0,0,0,3,0,1,0,0,0,0,1,1,0,0,0,1,0,0,0,0,0,0,0,0,0,0,0,0
25,0,0,0,0,0,0,0,0,0,0,0,0,0,0,0,1,0,0,0,0,0,0,0,0,0,0,0,0,0,0,0,0,0,0,0,0,1,0,0,0,0,0,0,0,0,0,0,0,1,0,0,0,0,0,0,0,0,1,1,0,0,0,0,0
26,0,0,0,0,0,1,0,1,0,0,0,0,0,0,0,0,0,0,0,0,0,0,0,0,2,0,0,2,0,0,2,0,0,0,3,0,1,2,0,0,10,0,0,0,0,0,0,0,0,0,0,0,0,0,0,0,0,0,0,0,0,0,0,0
27,0,0,0,0,0,0,0,0,0,0,0,0,0,0,0,0,0,3,0,0,0,0,0,0,0,0,0,0,0,0,0,0,0,0,2,0,0,0,0,0,0,0,0,0,0,0,0,0,0,0,0,0,0,0,0,0,0,0,0,0,0,0,0,0
28,0,1,0,0,0,0,0,0,0,0,0,0,0,0,0,0,0,0,1,0,2,0,0,0,0,0,0,0,0,0,0,0,0,0,0,0,0,0,2,0,0,2,0,2,1,0,0,0,0,0,0,0,0,0,0,0,0,0,0,0,0,0,0,0
29,0,0,0,0,0,0,0,0,1,0,0,0,0,0,0,0,0,0,0,0,0,0,0,1,0,0,1,0,3,1,1,0,0,0,0,0,0,0,0,0,0,0,0,0,0,0,1,0,0,0,0,0,0,0,0,0,0,0,0,0,0,0,0,1
30,0,0,1,2,2,0,0,0,2,0,0,0,0,0,0,0,0,0,0,0,0,0,0,0,1,3,0,0,0,0,0,0,0,1,0,0,0,0,0,1,0,0,0,0,0,0,0,0,0,1,0,0,0,0,0,2,0,0,0,0,0,1,1,0
31,0,0,0,0,0,0,0,0,0,0,0,0,0,0,0,0,0,0,0,0,0,0,0,0,0,0,0,0,0,0,0,0,0,0,0,0,0,0,0,0,0,0,0,0,0,0,1,0,0,0,0,0,0,0,0,0,0,0,0,0,0,0,0,0
32,0,0,1,0,0,0,0,3,0,0,0,0,0,0,0,0,1,0,0,11,0,0,0,0,0,0,0,0,0,0,0,0,0,0,0,0,0,0,0,0,0,0,0,1,0,0,0,0,0,0,0,0,0,0,0,0,0,0,0,0,0,0,0,0
33,0,0,0,0,0,0,0,0,0,0,0,0,0,2,0,0,0,0,0,1,0,0,0,0,0,0,0,0,0,0,0,1,0,0,0,0,0,0,0,0,0,0,0,1,0,0,0,0,0,0,0,0,0,1,0,0,5,0,0,0,0,0,0,0
34,0,0,0,0,0,0,0,0,0,0,0,0,0,0,0,0,0,0,0,0,0,0,0,0,0,0,0,0,0,0,0,0,0,0,0,0,0,0,0,0,3,0,58,0,0,2,0,6,0,0,0,0,0,0,1,0,0,0,0,0,0,0,0,0
35,0,0,0,0,0,0,0,0,0,0,0,0,0,0,0,0,0,0,0,0,0,0,0,0,0,0,0,0,0,0,0,0,0,0,0,0,0,0,0,0,0,0,0,0,0,0,0,0,0,0,0,0,0,0,0,0,0,0,0,0,0,0,0,0
36,0,0,2,0,0,0,0,0,0,0,0,0,0,0,0,0,0,0,0,0,0,0,0,0,0,0,0,0,0,0,0,0,0,0,0,0,0,0,0,0,0,0,0,0,0,0,0,0,0,0,0,0,0,0,0,0,0,0,0,0,0,0,0,0
37,0,0,1,8,0,1,0,0,0,0,0,0,0,1,3,0,0,0,0,0,0,0,0,0,0,0,0,1,0,1,0,0,0,0,0,0,0,2,57,0,1,2,0,0,2,6,0,0,0,0,0,0,0,0,0,0,0,1,0,0,1,0,0,0
38,0,0,0,0,0,0,0,0,0,0,0,0,0,0,0,0,0,0,1,0,1,0,0,0,0,0,2,0,0,0,0,4,0,0,0,0,1,2,0,0,0,0,0,0,0,1,0,0,2,0,0,0,0,0,0,0,0,0,0,0,0,0,0,0
39,1,0,0,0,0,0,0,0,1,0,0,0,0,0,0,0,0,0,0,0,0,0,0,0,0,0,0,0,0,1,0,0,0,0,0,0,0,1,0,0,1,0,0,0,3,0,0,1,0,0,0,0,0,0,0,0,0,0,0,0,3,0,0,0
40,0,0,0,1,0,0,0,0,0,0,0,0,0,0,1,0,0,0,2,0,0,1,0,0,0,0,0,0,0,0,0,0,1,0,0,0,0,1,7,0,0,0,0,0,0,0,0,2,0,0,0,0,0,0,1,0,0,0,0,0,0,0,0,0
41,0,0,0,0,0,0,0,0,0,0,0,0,0,0,0,0,0,0,2,2,0,0,0,0,0,0,0,0,0,0,0,0,0,0,0,0,0,0,0,2,0,0,0,0,0,0,0,0,3,0,0,0,0,9,0,0,0,0,0,0,1,0,0,0
42,0,0,0,0,0,0,0,0,0,0,0,0,0,0,0,0,0,0,1,0,0,0,0,0,0,0,0,0,0,0,0,0,0,0,0,0,0,0,0,0,0,0,0,0,0,0,0,0,0,0,0,0,0,0,0,0,0,0,0,0,0,0,0,0
43,9,1,0,0,1,0,0,3,0,0,1,0,0,0,0,20,0,0,6,0,0,0,5,0,0,0,0,0,0,0,0,0,56,1,0,0,0,1,302,1,0,0,0,0,0,0,0,0,0,0,0,0,0,0,0,0,0,0,2,0,0,0,0,0
44,575,6,2,0,939,0,77,5,1,0,1,0,0,1,0,0,0,0,0,0,0,0,0,0,0,3,0,0,0,2,1,0,0,0,0,0,0,0,0,2,1,0,0,0,0,0,1,2,1,0,1,0,10,0,0,0,0,0,10,0,0,0,0,0
45,9,0,0,0,1,3,2,0,0,0,0,0,0,0,0,0,0,0,0,0,0,0,0,0,2,0,0,0,0,2,1,0,0,0,0,0,1,0,0,0,0,0,0,0,0,5,1,0,0,1,1,5,0,0,0,3,1,1,0,3,0,0,0,0
46,14,2,1,0,0,0,0,0,0,0,0,0,0,0,0,0,0,0,0,0,0,0,0,0,0,0,0,0,2,0,0,0,12,0,0,0,0,0,0,0,0,0,0,0,0,0,0,0,0,0,0,1,0,0,1,0,0,0,0,0,0,0,0,0
47,0,0,0,0,0,0,0,0,0,0,0,0,0,5,1,0,0,5,4,0,0,0,14,0,0,0,0,0,0,0,0,0,0,0,0,0,0,0,0,0,0,4,0,2,0,0,0,0,0,0,0,0,0,0,0,1,0,9,1,8,2,2,0,3
48,0,0,0,1,0,15,0,0,0,3,1,6,0,0,0,0,0,0,0,0,0,5,0,0,0,0,0,1,0,0,0,0,0,0,0,1,0,1,0,0,0,0,2,6,0,5,0,1,0,0,5,6,0,0,2,1,9,16,27,15,9,6,13,11
49,0,0,0,0,0,4,1,0,0,0,0,0,0,0,0,0,0,0,0,0,0,0,0,0,0,0,0,0,0,0,0,0,0,1,0,0,0,0,0,6,0,0,1,0,0,0,0,0,0,0,0,0,0,0,0,0,8,0,27,2,0,1,1,1
50,0,0,0,0,0,0,0,0,0,0,0,0,0,0,0,0,0,0,0,0,0,0,0,0,0,0,0,1,0,0,1,0,0,0,0,0,0,0,3,0,0,0,0,0,0,0,0,0,1,0,0,0,0,0,0,0,0,0,0,0,0,0,0,0
51,0,1,0,0,0,0,0,6,3,0,0,0,0,0,0,0,0,0,0,0,0,0,1,0,0,0,0,0,0,5,5,0,0,1,0,0,0,0,0,0,8,0,7,0,0,1,0,0,0,0,1,0,0,0,1,0,3,4,0,0,6,0,0,0
52,3,4,5,0,3,0,598,2,0,3,0,0,0,0,0,1,16,5,1,16,7,5,14,0,2,2,5,5,31,1,19,2,0,0,5,0,0,0,0,0,0,0,0,0,0,0,0,0,2,0,0,0,3,0,1,0,0,1,0,0,0,0,0,0
53,20,40,21,10,36,0,20,64,0,1,0,10,2,0,0,0,94,24,0,1,0,24,2,9,0,0,0,4,4,0,35,2,0,3,4,0,8,81,10,15,0,1,1,1,0,0,0,0,21,5,11,0,2,1,26,28,0,0,0,1,5,0,1,1
54,1,0,0,0,0,0,0,0,6,0,4,5,2,4,0,1,0,0,0,0,0,0,0,0,7,0,8,0,0,0,0,0,0,0,0,1,0,0,0,0,1,0,0,0,0,1,0,0,0,0,0,0,0,0,0,0,0,0,0,0,0,2,0,0
55,19,0,1,2,0,0,0,11,0,0,0,2,2,1,2,33,84,0,0,1,0,0,0,0,0,0,0,0,0,0,0,2,0,0,0,0,0,0,0,0,0,0,0,0,0,0,0,0,0,0,0,0,0,0,0,0,0,0,0,0,0,0,0,0
56,4,13,6,16,11,23,5,0,2,38,3,16,54,1,0,0,33,23,21,84,26,74,38,10,0,4,5,16,11,10,5,14,0,9,52,1,4,0,0,0,10,10,7,22,6,13,35,1,10,0,35,2,15,63,13,0,0,1,0,1,1,0,4,0
57,103,84,81,114,61,87,88,133,122,2,7,113,0,140,3,108,130,51,136,145,129,128,59,141,144,52,107,146,100,143,33,130,18,51,71,78,69,11,57,96,152,120,145,138,141,54,149,144,141,148,147,25,139,149,149,148,120,147,147,125,146,156,148,144
58,1,4,7,6,5,0,36,8,14,43,0,0,3,0,0,6,0,0,0,0,0,1,0,1,11,5,16,24,0,22,8,2,1,0,0,18,0,0,1,4,0,1,1,1,22,0,0,0,0,3,0,1,6,0,0,1,1,0,0,0,1,0,0,0
59,2,0,0,0,0,0,0,0,0,0,0,0,0,0,0,0,0,0,0,0,0,0,0,0,0,0,0,0,0,0,0,0,0,0,0,4,0,0,0,0,0,0,0,0,0,0,0,0,0,0,1,0,0,0,0,0,15,10,0,0,0,0,0,0
60,145,152,151,142,84,167,167,180,31,30,111,172,92,121,37,117,155,141,142,158,124,155,196,185,114,101,122,104,102,122,70,86,123,152,152,149,181,163,131,153,150,150,163,150,150,150,150,150,137,155,166,150,152,153,151,171,159,160,169,145,147,100,146,123
61,5,9,10,2,1,4,12,1,0,0,0,0,0,0,0,0,0,0,0,0,0,0,0,0,0,0,2,0,0,0,0,0,0,0,0,0,15,0,0,1,0,0,0,1,1,0,0,0,0,0,0,0,0,7,0,1,0,0,1,0,0,0,0,0
62,0,0,0,0,0,0,0,0,0,0,0,0,0,0,0,0,0,0,0,0,0,0,0,0,0,0,0,0,0,0,0,0,0,0,0,0,8,0,0,0,0,0,0,0,0,0,0,0,0,0,0,0,0,0,0,0,0,0,0,0,0,0,0,0
63,0,0,0,0,0,0,0,0,0,0,0,0,0,0,0,0,0,0,1,0,0,0,0,0,0,0,0,0,0,0,0,0,0,0,0,0,0,0,0,0,0,0,0,0,0,0,0,0,0,0,0,0,0,0,0,0,0,0,0,3,0,0,0,1
64,0,0,0,0,0,0,0,0,0,0,0,0,0,0,0,0,0,0,0,0,0,0,0,0,10,3,4,2,10,0,17,4,0,0,0,0,0,0,0,0,0,0,1,2,2,0,0,1,12,173,69,5,7,0,62,14,0,0,4,0,1,5,1,2
65,0,0,0,0,0,0,8,0,0,0,0,0,0,0,0,0,0,0,0,0,0,0,0,0,0,0,0,0,0,0,0,0,0,0,0,0,0,0,1,1,0,0,0,0,0,0,0,0,0,0,0,0,0,0,0,0,1,0,0,0,0,0,0,0
66,0,1,1,0,0,1,0,5,0,0,0,0,0,0,0,0,0,0,0,0,0,0,0,0,0,0,0,0,0,0,0,0,2,0,0,0,0,0,1,0,0,0,0,0,0,0,0,0,0,0,1,0,0,0,0,0,0,0,0,0,0,0,0,0
67,0,0,0,0,0,0,0,0,0,0,0,0,0,0,0,0,0,1,1,0,0,0,1,1,0,1,0,0,1,1,0,0,0,13,1,0,0,0,0,17,0,0,2,0,1,0,0,0,5,0,3,12,10,0,0,0,21,41,16,9,20,34,60,3
68,0,0,0,0,0,0,0,0,0,0,1,0,0,0,6,24,6,50,9,37,64,15,21,0,40,11,23,0,0,0,7,0,0,0,0,0,1,0,0,0,0,4,7,1,0,0,0,17,14,0,19,3,9,5,2,36,0,0,0,0,0,0,16,1
69,0,1,0,0,0,6,1,8,5,2,2,0,4,4,1,0,1,0,5,0,1,28,0,0,3,1,7,9,47,5,0,0,11,9,52,52,34,92,3,13,1,121,2,27,3,55,4,4,0,5,0,0,6,0,2,2,1,26,7,5,11,4,23,1
70,0,2,0,0,0,0,2,0,0,0,0,0,0,0,0,0,0,0,0,0,0,0,0,0,0,0,0,0,9,0,0,0,0,0,0,0,0,0,0,0,3,0,0,0,2,0,0,4,0,0,0,0,0,0,0,9,0,0,0,0,0,0,0,0
71,0,14,3,0,9,1,5,4,12,0,5,0,20,0,0,0,0,0,0,0,0,0,0,0,0,0,0,0,0,0,2,1,10,1,0,34,0,0,0,3,0,1,0,0,0,0,0,0,13,0,0,0,0,0,0,0,0,0,0,0,1,0,0,0
72,0,1,4,0,0,0,21,0,0,2,0,0,0,0,0,0,0,0,0,22,10,0,3,0,0,0,4,0,1,0,18,0,14,26,9,52,7,38,38,26,19,3,8,1,21,8,1,0,0,0,16,0,0,22,21,1,1,4,3,10,0,0,8,0
73,6,0,1,20,0,20,58,0,0,1,9,3,0,0,38,0,13,1,1,0,0,0,0,0,1,0,1,13,12,0,0,0,6,49,5,1,3,21,70,14,0,0,0,0,0,0,10,0,4,2,0,0,0,0,0,6,0,6,20,1,0,1,4,11
74,2,0,0,0,0,0,0,2,0,1,0,0,0,0,1,0,0,0,0,0,0,68,12,0,0,2,2,1,0,0,0,0,0,0,0,0,0,0,0,0,2,0,0,9,0,0,2,0,0,0,0,0,0,0,0,0,0,0,0,0,0,0,1,6
75,0,0,2,0,0,0,0,6,0,0,0,0,0,0,0,0,0,0,1,0,0,5,0,5,24,0,8,25,5,0,3,1,3,112,6,0,0,24,0,0,0,0,0,0,6,0,0,0,0,1,1,1,0,13,4,0,0,0,0,0,1,0,1,0
76,0,236,0,45,507,10,11,18,0,0,1,4,10,1,34,6,1,0,2,0,0,4,6,0,0,1,0,0,0,33,0,21,0,1,0,0,9,0,2,1,7,1,0,0,5,4,3,2,0,1,0,0,2,2,1,4,7,5,4,3,13,5,16,4
77,22,34,191,21,31,26,32,87,104,16,84,115,39,21,132,20,23,0,15,8,3,34,21,15,139,28,139,13,22,144,31,107,45,4,25,31,16,18,17,18,39,25,30,32,10,9,17,41,15,23,54,34,112,20,58,7,66,3,23,12,1,9,5,7
78,28,1,13,4,1,1,0,0,0,0,0,0,1,0,0,1,13,0,2,2,0,0,0,0,105,1,83,2,1,0,224,19,37,3,0,7,1,2,0,9,0,2,0,0,0,0,0,0,4,0,0,0,0,7,1,5,0,0,0,0,0,3,0,0
79,0,12,10,0,4,12,1,24,2,0,0,3,4,0,0,18,102,4,0,0,0,0,0,64,62,6,58,0,0,31,11,12,6,1,5,8,0,2,43,4,3,4,16,2,32,3,1,13,0,17,0,0,2,59,59,12,74,0,13,6,98,0,28,0
